title,published,KernAI_stock_news_distilbert,gigachat_score_only,deepseek_score
ЛУКОЙЛ не заинтересован в покупке «Башнефти»,2014-12-10 09:15:09,-79.28757667541504,50,0
ЛУКОЙЛ оспорит решение о передаче лицензии на Требса и Титова,2014-12-10 10:18:00,-79.84536290168762,-25,-20
«Башнефть» и ЛУКОЙЛ оспорили изъятие месторождений Требса и Титова,2014-12-15 11:09:39,-99.5474636554718,50,-20
Бензин подешевел почти на 1% после критики Путина,2014-12-15 18:53:18,-99.81196522712708,80,50
«Роснефть» и ЛУКОЙЛ попытаются сэкономить на контрагентах,2014-12-22 21:09:18,0,-50,20
ЛУКОЙЛ продал «Роснефти» 20% в Национальном нефтяном консорциуме,2014-12-23 17:03:38,0,-50,50
Цены на бензин начнут повышаться в январе,2014-12-24 14:14:59,98.91652464866638,-80,20
ЛУКОЙЛ заложил бюджет на 2015 год из цены на нефть в $60,2014-12-26 14:02:49,-99.84217882156372,40,30
Алекперов назвал реальным повышение цены на нефть до $80 в 2015 году,2014-12-26 15:20:18,89.3265426158905,60,50
ЛУКОЙЛ не планирует обращаться за помощью в ФНБ,2014-12-26 15:28:41,-96.53646945953369,25,5
Нефтяники заложили в бюджеты на 2015 год нефть по $40–80 за баррель,2014-12-29 14:35:22,49.163609743118286,50,30
"Трейдер ЛУКОЙЛа купит нефть у «Башнефть-Полюса» на сумму до $0,9 млрд",2014-12-30 15:01:16,99.62239265441895,75,50
Россия вопреки санкциям добыла рекордный объем нефти со времен СССР,2015-01-02 13:18:19,95.99145650863647,85,20
Fitch понизило рейтинг 13 крупнейших российских компаний,2015-01-13 17:58:15,-99.43128824234009,-80,-60
Алекперов допустил падение цены на нефть до $25,2015-01-16 09:19:02,-99.6935248374939,-80,-50
Алекперов готовит сына к карьере в корпоративном центре ЛУКОЙЛа,2015-01-16 09:43:39,0,50,5
Украина обвинила ЛУКОЙЛ в финансировании терроризма,2015-01-16 09:53:38,-99.82471466064453,Error_Evaluation_Gigachat,-40
ЛУКОЙЛ отверг обвинения СБУ в финансировании терроризма,2015-01-16 13:54:23,-54.418134689331055,85,5
СМИ не исключают намерения Киева национализировать структуру ЛУКОЙЛа,2015-01-17 00:21:15,0,Error_Evaluation_Gigachat,-40
ЛУКОЙЛ рассмотрит возможность подачи иска к Украине,2015-01-19 15:12:44,0,Error_Evaluation_Gigachat,-30
Moody's понизило рейтинги «Газпрома» и «Роснефти»,2015-01-20 18:13:09,-99.64901804924011,-50,-70
Миллиард на буровых: Александр Джапаридзе возьмет в партнеры Schlumberger,2015-01-20 22:14:16,96.8636691570282,75,50
ЛУКОЙЛ выразил надежду на разрешение «конфуза» с обвинениями в терроризме,2015-01-22 13:35:14,98.20714592933655,50,5
Акции ЛУКОЙЛа выросли на 7% на фоне заявлений Алекперова,2015-01-22 14:13:15,99.80497360229492,70,75
ЛУКОЙЛ прогнозирует среднюю цену на нефть в 2015 году в $65–70 за баррель,2015-01-22 16:09:19,99.8006284236908,40,50
Миноритарий «Башнефти» проиграла суд по месторождениям Требса и Титова ,2015-01-22 16:36:21,-99.69093203544617,-30,-20
Вагит Алекперов и менеджеры консолидировали контроль в ЛУКОЙЛе,2015-01-23 15:05:18,0,Error_Evaluation_Gigachat,50
ЛУКОЙЛ подаст в суд для защиты чести компании после обвинений Украины  ,2015-01-23 18:08:25,-99.83792304992676,Error_Evaluation_Gigachat,-20
Алекперов попросил суд найти заказчика тяжб по делу Требса и Титова,2015-01-23 18:20:24,0,80,0
ЛУКОЙЛ изложил СБУ свою позицию по делу о деятельности на Украине,2015-01-27 14:12:26,0,Error_Evaluation_Gigachat,-20
ЛУКОЙЛ впервые догнал «Роснефть» по капитализации ,2015-01-30 13:01:12,0,75,50
"Первый вице-президент ЛУКОЙЛа купил акции компании на 11,8 млн руб.",2015-02-02 08:22:17,96.62696123123169,75,50
Путин пообещал поддержку новым проектам ЛУКОЙЛа,2015-02-02 11:26:08,98.70145320892334,75,70
Марк Мобиус не попал в число кандидатов в совет директоров НК «ЛУКОЙЛ»,2015-02-04 13:21:55,0,25,0
Мобиус выйдет из совета директоров ЛУКОЙЛа из-за отсутствия времени ,2015-02-09 10:57:03,-99.35612678527832,-50,0
ЛУКОЙЛ решил судиться с Sinopec в Лондоне из-за срыва сделки,2015-02-09 15:21:34,-99.79755282402039,-80,-20
Нефтяники впервые пошли на уступки независимым операторам АЗС,2015-02-11 12:36:09,97.17934131622314,50,30
Совладельцами Eurasia Drilling могут быть структуры Вагита Алекперова ,2015-02-16 10:05:48,0,75,5
Украина открыла новое уголовное дело против ЛУКОЙЛа,2015-02-17 16:47:19,0,Error_Evaluation_Gigachat,-30
ЛУКОЙЛ связал обвинения со стороны Украины с «политическими процессами» ,2015-02-18 13:20:22,-99.7863233089447,Error_Evaluation_Gigachat,-20
"Вице-президент ЛУКОЙЛа Федун приобрел акции компании на 33,2 млн руб.",2015-02-27 14:25:55,97.39243388175964,50,50
Чистая прибыль ЛУКОЙЛа в 2014 году снизилась почти на 40% ,2015-03-03 10:50:40,-97.9579210281372,-75,-40
ЛУКОЙЛ заявил о возможном снижении добычи нефти в России на 5-20 млн т,2015-03-03 13:06:40,-99.26232099533081,-30,-30
Федун допустил рост цен на нефть до $100 к концу 2015 года,2015-03-03 13:26:41,97.22310900688171,60,60
Совладелец ЛУКОЙЛа предсказал падение объемов добычи нефти в России,2015-03-03 18:13:24,-99.7161865234375,-50,-30
«Роснефть» выкупила у ЛУКОЙЛа долю в нефтяном консорциуме в Венесуэле,2015-03-04 16:05:39,98.92385005950928,-80,50
Нефтяники выступили с замечаниями по налогу на  финансовый результат,2015-03-09 21:30:22,0,75,-30
Минфин и Минэнерго поспорили о налоговом эксперименте в нефтяной отрасли,2015-03-13 14:45:39,0,35,-20
Структуры Алекперова приобрели ADR ЛУКОЙЛа на $60 млн,2015-03-16 15:32:05,97.35713601112366,50,50
ЛУКОЙЛ закрыл сделку по вхождению в проект на шельфе Камеруна,2015-03-17 08:07:17,0,50,50
Конец легкой нефти: насколько сократится ее добыча в России к 2035 году,2015-03-18 18:47:34,-96.40766978263855,-80,-30
Добыча сланцевой нефти в России станет выгодной в 2017 году ,2015-03-20 12:51:22,98.91858696937561,50,50
"В Кремле поддержали идею о допуске ЛУКОЙЛа  к арктическому шельфу
",2015-03-26 03:12:15,0,75,50
В Кремле пока не решили вопрос о доступе частных компаний к шельфу,2015-03-26 09:38:43,0,25,-20
Авиакомпании столкнулись с резким ростом цен на керосин,2015-04-07 19:00:00,0,-80,-40
Алекперов заявил о деофшоризации «ЛУКОЙЛ Оверсиз»,2015-04-09 17:31:37,0,35,30
Reuters узнало о намерении ЛУКОЙЛа выйти из саудовского газового проекта,2015-04-13 18:01:53,0,-50,-20
ЛУКОЙЛ возобновил работу офиса в Иране ,2015-04-15 09:21:46,0,25,50
Алекперов не ждет роста цен на энергоносители в среднесрочной перспективе,2015-04-20 23:01:31,0,-75,-20
ЛУКОЙЛ рассчитывает вернуться в Иран после снятия санкций,2015-04-21 01:48:10,98.50382208824158,50,50
«Роснефть» обвинила Минприроды в «лоббировании» интересов ЛУКОЙЛа,2015-04-22 06:34:44,-99.81885552406311,-50,-20
«Роснефть» получит отсрочку на шельфе из-за крепких льдов Арктики,2015-04-23 21:01:15,-99.5103120803833,50,30
ЛУКОЙЛ на 40% увеличит дивиденды акционерам ,2015-04-28 10:47:28,97.39869832992554,90,80
ЛУКОЙЛ закрыл сделку по продаже АЗС на Украине,2015-04-29 16:31:55,0,-50,5
27 российских компаний попали в список крупнейших по версии Forbes,2015-05-07 00:45:58,0,50,30
Нефтяники увидели в новом КоАП черты «полицейского государства»,2015-05-19 16:39:04,0,-50,-20
ЛУКОЙЛ исключил назначение Алекперова главой совета директоров «Спартака»,2015-05-22 14:29:52,0,25,0
Forbes назвал Алекперова и Федуна совладельцами нефтяной компании из США,2015-05-26 08:07:32,0,50,5
Скачок курса доллара обошелся российским компаниям в 300 млрд руб.,2015-05-27 18:56:36,0,-50,-60
Топливный слив: каждая пятая АЗС обманывает покупателя,2015-05-28 18:40:27,0,-50,-30
Алекперов допустил рост цены на нефть выше $75 в течение 3-5 лет,2015-05-28 18:46:15,99.55596923828125,60,70
ЛУКОЙЛ объявил о продаже сети АЗС в Эстонии,2015-06-03 08:21:26,0,-80,20
Из-за падения цен на нефть прибыль ЛУКОЙЛа упала на 60%,2015-06-10 10:59:25,-99.75293278694153,-80,-60
Владельцы заправок начали повышать цены на бензин,2015-06-15 23:54:30,94.98501420021057,80,30
Минфин не поддержал новые налоги для нефтяников,2015-06-16 18:32:32,-58.28123688697815,75,50
Подъем со дна: в какую цену барреля верят нефтяные магнаты,2015-06-22 22:51:29,0,50,50
ЛУКОЙЛ хочет снизить долю в нефтяном проекте в Саудовской Аравии,2015-06-24 06:36:59,0,-50,-20
Total отдаст ЛУКОЙЛу долю в проекте по добыче трудноизвлекаемой нефти,2015-06-25 06:33:36,98.49643111228943,80,50
ЛУКОЙЛ снизил биржевые цены на бензин после жалоб покупателей ,2015-06-25 11:17:46,-77.91740894317627,-75,-20
Менеджеры ЛУКОЙЛа получат почти 45 млрд руб. дивидендов за 2014 год,2015-06-25 15:09:05,98.44016432762146,30,50
«Русское радио» и Maximum перейдут под контроль государства,2015-06-30 19:24:36,0,-80,20
Эксперты предупредили о росте цен на бензин на 2–4 руб. до конца года ,2015-07-01 13:01:51,-99.83218312263489,-75,-20
Суд Румынии наложил арест на счета ЛУКОЙЛа,2015-07-09 00:35:38,-91.52731895446777,-100,-30
ЛУКОЙЛ опроверг арест своих счетов на €2 млрд в Румынии,2015-07-09 10:00:06,0,80,5
ЛУКОЙЛ обжалует обвинение прокуратуры Румынии в отмывании денег,2015-07-09 13:56:00,-84.66747403144836,75,-30
ЛУКОЙЛ отказался продавать НПЗ в Румынии на фоне дела об отмывании денег,2015-07-14 10:05:13,-50.90175271034241,50,-30
Алекперов жалуется президенту: как развивается конфликт ЛУКОЙЛа в Румынии,2015-07-14 19:30:59,-97.56968021392822,Error_Evaluation_Gigachat,-20
ЛУКОЙЛ попросил Брюссель о поддержке в тяжбе с румынскими властями,2015-07-15 16:37:18,-99.4063675403595,50,5
Налоговики через суд заставили «Рольф» доплатить налоги,2015-07-21 14:38:21,-99.4989812374115,-50,-30
ФАС вместе с нефтяными компаниями сформирует резерв бензина для Сибири,2015-07-29 08:00:00,91.72261357307434,50,50
"Румыния обвинила «дочку» ЛУКОЙЛа в отмывании €1,77 млрд",2015-08-03 16:36:15,-99.82123374938965,-90,-40
Румынскую «дочку» ЛУКОЙЛа заподозрили в нарушении санкционного режима,2015-08-04 18:45:54,-99.70394968986511,-50,-30
Суд в Румынии отказался снять арест с активов ЛУКОЙЛа на €2 млрд,2015-08-05 10:49:21,0,-50,-40
ЛУКОЙЛ победил в конкурсе на Восточно-Таймырский участок,2015-08-11 15:48:31,98.55421781539917,80,70
«Роснефть» оспорила получение ЛУКОЙЛом участка у шельфа,2015-08-17 06:11:37,-99.6451735496521,-50,-20
Суд запретил Роснедрам выдавать ЛУКОЙЛу лицензию на выигранный участок,2015-08-18 13:15:35,0,-80,-30
ЛУКОЙЛ продал Sinopec долю в Caspian Investments Resources,2015-08-20 14:32:25,0,-50,50
Чиновники придумали два рецепта борьбы с ростом цен на бензин,2015-08-23 17:45:36,0,50,-20
Директору румынского НПЗ ЛУКОЙЛа запретили поездку в Москву,2015-08-24 12:19:38,-99.71158504486084,-30,-20
ЛУКОЙЛ пригрозил судом Михаилу Леонтьеву ,2015-08-26 16:09:20,-99.59502220153809,25,5
Чистая прибыль ЛУКОЙЛа упала почти на 60% в первом полугодии ,2015-08-28 10:33:34,-99.79392886161804,-50,-60
Федун назвал «истеричной» реакцию «Роснефти» из-за участка у шельфа,2015-08-28 13:44:57,0,50,5
Вице-президент ЛУКОЙЛа пообещал рост цен на нефть уже со следующей недели,2015-08-28 14:17:54,97.91960716247559,80,70
Глава «ЭР-Телекома» Андрей Кузяев — РБК: «Я люблю расстрельные должности»,2015-09-04 06:15:25,0,25,5
Глава ЛУКОЙЛа дал свой прогноз цен на нефть,2015-09-14 14:14:14,0,50,50
ЛУКОЙЛ стал крупнейшей частной компанией России по версии Forbes,2015-09-17 09:14:19,98.64370226860046,75,50
Нефтяники предсказали заморозку месторождений из-за новой формулы НДПИ,2015-09-20 19:12:07,-99.64913725852966,-75,-40
Румынский суд снял арест с половины активов ЛУКОЙЛа,2015-09-22 15:39:41,0,80,50
Греф оценил потери нефтяников от роста НДПИ в 250 млрд руб.,2015-09-24 15:14:25,-99.74750876426697,-75,-30
Румынский суд втрое сократил претензии к ЛУКОЙЛу,2015-09-25 15:30:40,0,80,30
Глава ЛУКОЙЛа обсудил с Путиным идею повысить налог для нефтяников,2015-10-02 08:48:00,0,Error_Evaluation_Gigachat,-30
Леонид Федун предсказал возвращение цены на нефть к $100 за барр.,2015-10-03 11:33:27,99.01219010353088,85,70
Бумаги для патриотов: какие российские акции надо покупать прямо сейчас,2015-10-09 14:05:38,0,85,50
ЛУКОЙЛ открыл крупное газовое месторождение на шельфе Румынии,2015-10-14 11:20:19,98.77484440803528,75,70
"ЛУКОЙЛ направит на промежуточные дивиденды 55,3 млрд руб.",2015-10-27 11:27:17,98.08498024940491,70,70
Не только чартеры: на чем зарабатывали собственники «Когалымавиа»,2015-11-02 19:21:44,0,25,5
ЛУКОЙЛ сократит инвестпрограмму на 2016 год на 12–14%,2015-11-24 13:49:01,0,-13,-30
В Иране оценили шансы ЛУКОЙЛа и «Газпрома» на получение месторождений,2015-11-28 15:56:06,99.7048556804657,50,5
Чистая прибыль ЛУКОЙЛа за январь—сентябрь упала на 60%,2015-11-30 10:46:35,-99.74689483642578,-50,-60
ЛУКОЙЛ получил лицензию на разработку Восточно-Таймырского участка,2015-12-14 12:20:43,82.47475624084473,85,75
ЛУКОЙЛ заложил в инвестпрограмме $50 за баррель нефти,2015-12-17 13:30:56,99.6329128742218,75,50
«Роснефть» выиграла у ЛУКОЙЛа борьбу за разработку нефтегазового участка,2015-12-18 02:42:16,88.9714777469635,-50,50
ЛУКОЙЛ продаст активы в Прибалтике из-за антироссийских настроений,2015-12-24 14:47:36,0,-80,-30
Нефтяные компании просчитали стресс-сценарий при цене $30,2015-12-24 18:21:30,0,-50,-30
Российские нефтяные компании назвали критическую цену за баррель,2016-01-12 21:42:19,-97.80132174491882,35,50
ЛУКОЙЛ откажется от разведки на шельфе Кот-д'Ивуара,2016-01-15 15:06:05,-99.72086548805237,-50,-10
Суд Румынии отклонил обвинительный акт по делу ЛУКОЙЛа,2016-01-20 16:40:55,0,75,5
Алекперов предупредил об остановке многих проектов при нефти ниже $24,2016-01-21 14:06:39,-99.83211159706116,-75,-60
Член совета директоров ЛУКОЙЛа продал все свои акции,2016-01-21 17:10:06,0,-100,Error_Evaluation_DeepSeek
В ЛУКОЙЛе назвали невозможным существование мира при нефти по $30,2016-01-25 10:21:36,0,50,50
ЛУКОЙЛ договорился о продаже заправок в Прибалтике и Польше,2016-02-05 13:01:24,0,-30,50
Запасы ЛУКОЙЛа снизились из-за падения цен на нефть,2016-02-09 12:23:44,-99.36855435371399,-50,-40
Reuters узнал о желании ЛУКОЙЛа приобрести минимум 25% «Башнефти»,2016-02-12 13:09:24,0,80,50
В ЛУКОЙЛе оценили возможный рост цен на бензин из-за повышения акцизов,2016-02-16 07:06:25,0,-50,30
ЛУКОЙЛ анонсировал покупку сети из 250 заправок в странах Бенилюкса,2016-02-16 11:15:21,96.57941460609436,70,75
Глава ЛУКОЙЛа подтвердил интерес к покупке «Башнефти»,2016-02-16 14:18:13,94.331955909729,80,50
ФАС пообещала поддержать сделку по покупке ЛУКОЙЛом пакета «Башнефти»,2016-02-17 14:28:18,99.4752049446106,50,50
«Роснефть» заявила об отсутствии интереса к приватизации «Башнефти»,2016-02-18 12:20:47,-83.79850387573242,25,0
ЛУКОЙЛ получил месторождение на Балтике,2016-02-20 15:37:12,96.42454981803894,85,50
Алекперов оказался единственным кандидатом на пост президента ЛУКОЙЛа,2016-03-04 14:08:58,0,80,50
Нефтяные компании начали повышать цены на бензин,2016-03-14 18:41:27,98.42170476913452,85,50
Вице-президент ЛУКОЙЛа получил предостережение за прогноз цен на бензин,2016-03-15 11:45:18,-99.79348182678223,-25,-20
ЛУКОЙЛ привлек у Сбербанка кредит на 80 млрд руб.,2016-03-15 17:43:25,0,50,50
Связанная с Алекперовым компания купила бывшие виноградники «Массандры»,2016-03-25 15:20:35,98.28011989593506,35,40
ЛУКОЙЛу разрешили возобновить экспорт дизтоплива на Украину,2016-03-29 17:42:48,97.81851768493652,Error_Evaluation_Gigachat,50
Власти Болгарии оштрафуют НПЗ ЛУКОЙЛа за загрязнение окружающей среды,2016-04-01 12:09:27,-99.83134269714355,-50,-30
ЛУКОЙЛ продал австрийской компании 230 заправок в Прибалтике,2016-04-01 17:12:12,-91.924649477005,-75,50
Прибыль ЛУКОЙЛа в 2015 году снизилась на четверть,2016-04-04 10:26:59,-98.74093532562256,-75,-40
ЛУКОЙЛ отказался «переплачивать» за «Башнефть»,2016-04-04 16:37:03,-99.7493028640747,80,-20
Антимонопольное ведомство Болгарии пришло с обысками в офис ЛУКОЙЛа​,2016-04-06 15:09:31,0,-80,-40
Глава «Башнефти» предупредил о риске сомнительных схем при приватизации,2016-04-12 13:04:07,-99.83293414115906,-25,-30
ЛУКОЙЛ отказался от идеи выкупить у государства все 75% акций «Башнефти»,2016-04-20 10:32:58,86.84576749801636,-40,-20
Алекперов назвал исчерпанными возможности ОПЕК влиять на рынок нефти,2016-04-24 09:17:16,99.38860535621643,-30,-20
ЛУКОЙЛ по итогам 2015 года направит на дивиденды 150 млрд руб.,2016-04-25 13:02:46,99.38348531723022,80,70
Алекперов пообещал заплатить «реальные деньги» за «Башнефть»,2016-04-29 12:59:03,-99.70093965530396,50,50
ЛУКОЙЛ вложил 2 млрд рублей в проведение Гран-при в Сочи,2016-05-01 12:41:00,99.38107132911682,50,50
На штаб-квартиру ЛУКОЙЛа установили арт-объект,2016-05-12 14:42:26,0,30,5
Ирак попросил ЛУКОЙЛ сократить инвестиции в добычу нефти,2016-05-13 19:40:47,-82.48858451843262,-75,-30
Алекперов предсказал рост цен на нефть к концу года выше $55,2016-05-18 07:14:30,85.95467209815979,80,75
ЛУКОЙЛ и компания Фридмана получили лицензию на освоение шельфа Норвегии,2016-05-18 14:28:49,98.09936285018921,85,50
Получивший гражданство от Путина архитектор займется виноделием в Анапе,2016-05-23 14:53:55,91.89956784248352,Error_Evaluation_Gigachat,5
Четыре российские компании выбыли из списка крупнейших по версии Forbes,2016-05-25 15:40:28,75.7375955581665,-25,-20
Сын топ-менеджера ЛУКОЙЛа извинился за гонки по Москве на Gelandewagen,2016-05-25 22:41:14,-99.6749758720398,50,-10
СМИ сообщили об уголовном деле против сына вице-президента ЛУКОЙЛа,2016-05-27 15:18:58,-94.06075477600098,-80,-40
Глава полиции Москвы посоветовал сыну топ-менеджера ЛУКОЙЛа явиться в суд,2016-05-27 16:24:51,-91.05580449104309,Error_Evaluation_Gigachat,-10
Полиция задержала сына вице-президента ЛУКОЙЛа,2016-05-28 07:06:12,-99.56803321838379,Error_Evaluation_Gigachat,-20
Сын вице-президента ЛУКОЙЛа арестован на 15 суток после «гонок» по Москве,2016-05-28 13:45:33,-99.53256845474243,-30,-20
СМИ узнали об участии ОМОНа в задержании сына вице-президента ЛУКОЙЛа,2016-05-29 15:12:59,0,-50,-30
Глава ЛУКОЙЛа заявил о стабилизации на рынке нефти,2016-06-01 14:51:15,0,50,50
Глава ЛУКОЙЛа сообщил о планах поставлять иранскую нефть на свои НПЗ,2016-06-02 20:52:02,0,50,50
Прибыль ЛУКОЙЛа сократилась в два с половиной раза,2016-06-06 08:47:58,-99.52037334442139,-75,-60
В Кремле нашли инвестора на последнее крупное месторождение нефти,2016-06-06 15:58:31,98.71309399604797,Error_Evaluation_Gigachat,70
ЛУКОЙЛ возобновил поставки дизельного топлива на Украину,2016-06-16 07:58:37,0,Error_Evaluation_Gigachat,50
ЛУКОЙЛ анонсировал «кардинальные решения» по своему бизнесу в Европе,2016-06-16 10:30:43,98.76422882080078,50,50
ЛУКОЙЛ заявил об уходе из Саудовской Аравии,2016-06-16 10:35:40,0,-75,-30
«Тут не надо быть оракулом»: каких цен на нефть ждут бизнесмены-нефтяники,2016-06-20 13:00:00,0,35,5
"ЛУКОЙЛ купил сети АЗС в Нидерландах, Бельгии и Люксембурге",2016-06-23 09:46:55,97.86667823791504,75,50
МЧС сообщило о взрыве на газоперерабатывающем заводе ЛУКОЙЛа,2016-06-29 11:45:43,-99.79786276817322,-80,-60
При пожаре на заводе ЛУКОЙЛа в ХМАО пострадали четыре человека,2016-06-29 14:15:38,-99.81788396835327,-50,-30
Россияне сочли слишком мягким наказание для сына топ-менеджера ЛУКОЙЛа,2016-06-30 10:29:53,-99.64954257011414,-30,-20
ЛУКОЙЛ получил право на месторождение в Балтийском море,2016-07-02 04:48:27,98.28681945800781,80,80
ЛУКОЙЛ получил предложение поучаствовать в приватизации «Башнефти»,2016-07-20 08:15:30,0,50,50
ЛУКОЙЛ открыл новое нефтяное месторождение в Пермском крае,2016-07-29 09:55:04,98.57697486877441,85,70
ЛУКОЙЛ заинтересовался одним из крупнейших нефтегазовых районов Ирана,2016-08-12 12:26:07,97.25854396820068,50,50
«Правительство может развернуться на 180°»: инвесторы о «Башнефти»,2016-08-17 19:25:26,99.28966164588928,50,30
Чистая прибыль ЛУКОЙЛа в первом полугодии снизилась на 37%,2016-08-29 13:10:13,-64.56828117370605,-50,-40
Глава ЛУКОЙЛа предсказал возврат цены нефти к $100 после 2020 года,2016-09-16 06:56:10,0,85,70
Глава Башкирии ответил на заявление Алекперова о «социальных подачках»,2016-09-16 11:53:24,0,Error_Evaluation_Gigachat,5
Алекперов обсудил с министром нефти Ирана участие в совместных проектах,2016-09-19 17:20:52,66.65689945220947,50,50
ЛУКОЙЛ построит в Шереметьево топливозаправочный комплекс к ЧМ-2018,2016-10-06 16:17:40,99.49560761451721,50,50
СМИ сообщили о решении ЛУКОЙЛа не участвовать в приватизации «Башнефти»,2016-10-07 09:06:00,-66.25025272369385,-50,-20
ЛУКОЙЛ назвал причину отказа от участия в приватизации «Башнефти»,2016-10-11 10:11:26,0,-50,0
Сыну вице-президента ЛУКОЙЛа запросили реальный срок за гонки с полицией,2016-10-12 08:49:02,0,-80,-20
Ростехнадзор проверит совместное предприятие «Башнефти» и ЛУКОЙЛа,2016-10-14 14:13:01,99.6019184589386,25,5
Суд признал вину сына вице-президента ЛУКОЙЛа по делу о гонках с полицией,2016-10-17 08:44:02,-79.06134724617004,-80,-20
Суд приговорил сына вице-президента ЛУКОЙЛа к обязательным работам,2016-10-17 10:49:33,-99.68396425247192,Error_Evaluation_Gigachat,-20
Суд изъял Gelandewagen в пользу государства у сына топ-менеджера ЛУКОЙЛа,2016-10-17 11:18:19,0,Error_Evaluation_Gigachat,-20
МВД проверит заявления о вымогательстве у участников «гонки» с полицией,2016-10-24 11:30:27,0,-50,-20
ЛУКОЙЛ сократит свои инвестиции на 45 млрд руб.,2016-10-25 09:29:02,-98.32015633583069,-30,-40
Прокуратура обжаловала приговор сыну вице-президента ЛУКОЙЛа,2016-10-25 15:10:45,0,-30,-30
ЛУКОЙЛ ответил на обвинения в сомнительных операциях с «Башнефтью»,2016-10-28 12:02:32,-99.74167346954346,50,-20
ЛУКОЙЛ утвердил новую дивидендную политику,2016-10-28 13:58:40,95.28095722198486,50,70
Алекперов назвал естественным расторжение контрактов с «Башнефтью»,2016-10-31 14:42:46,-97.58127927780151,30,0
ЛУКОЙЛ разместит евробонды на $1 млрд,2016-11-01 09:19:01,97.63311743736267,75,50
СМИ узнали о решении Путина подключить ЛУКОЙЛ к приватизации «Роснефти»,2016-11-01 22:35:55,0,Error_Evaluation_Gigachat,40
Кремль отказался комментировать участие ЛУКОЙЛа в приватизации «Роснефти»,2016-11-02 10:18:35,0,25,0
ЛУКОЙЛ отказался участвовать в приватизации «Роснефти»,2016-11-08 13:38:31,-99.2634117603302,-50,-20
Алекперов не видит рисков для продажи «Башнефти» из-за «дела Улюкаева»,2016-11-15 11:46:11,0,Error_Evaluation_Gigachat,5
Глава ЛУКОЙЛа заявил о сигналах к росту цен на нефть,2016-11-15 11:49:56,0,75,75
Пресс-секретарь ЛУКОЙЛа пожаловался на Леонтьева в открытом письме Сечину,2016-11-16 10:44:44,-99.82761144638062,Error_Evaluation_Gigachat,0
Кремль опроверг предложение Путина ЛУКОЙЛу о покупке акций «Роснефти»,2016-11-17 11:42:25,0,50,5
«Роснефть» опровергла извинение Леонтьева перед главой ЛУКОЙЛа,2016-11-17 13:11:46,0,50,5
ЛУКОЙЛ заложил в бюджет на 2017 год нефть по $40 за барр.,2016-11-22 13:22:25,99.471515417099,-50,-20
Сечин письмом поздравил ЛУКОЙЛ с 25-летием,2016-11-23 08:16:44,0,Error_Evaluation_Gigachat,5
«Дочка» «Башнефти» решила отказаться от электроэнергии ЛУКОЙЛа,2016-11-28 06:50:52,0,-30,-20
Менеджер «Роснефти» возглавил предприятие «Башнефти» и ЛУКОЙЛа,2016-11-28 15:21:10,0,50,20
ЛУКОЙЛ более чем вдвое сократил чистую прибыль за девять месяцев,2016-11-29 12:51:21,97.95998930931091,-75,-40
"ЛУКОЙЛ договорился о продаже алмазного бизнеса почти за $1,5 млрд",2016-12-02 08:04:13,93.47319602966309,60,50
ЛУКОЙЛ заявил о необходимости компенсаций нефтяникам за сокращение добычи,2016-12-02 12:33:55,0,-30,40
Акционеры ЛУКОЙЛа утвердили выплату промежуточных дивидендов,2016-12-07 18:14:11,0,75,70
Глава ЛУКОЙЛа оценил рост цен на бензин в 2017 году,2016-12-13 09:33:29,0,50,5
В ФАС назвали «недопустимым» прогноз Алекперова о росте цен на бензин,2016-12-13 11:29:25,-99.61957931518555,-50,-30
ЛУКОЙЛ не планирует бороться за Эргинское месторождение,2016-12-19 13:34:00,0,-50,-10
СМИ узнали о новой площадке ЛУКОЙЛа на шельфе Балтийского моря,2016-12-22 01:34:46,0,75,50
Минэнерго предложило разрешить частным компаниям добывать нефть на шельфе,2016-12-26 19:22:59,75.0836968421936,75,30
«Башнефть» заключила новый контракт с ЛУКОЙЛом,2017-01-10 12:12:23,98.22511076927185,50,50
Минфин выдвинул условия для продления льгот на разработку шельфа,2017-01-23 18:50:57,99.69334602355957,50,30
Первым вице-президентом ЛУКОЙЛа стал Александр Матыцын,2017-02-01 12:13:12,0,50,30
Сбербанк назвали самым дорогим российским брендом,2017-02-01 18:43:18,89.29071426391602,35,70
ЛУКОЙЛ увеличил доказанные запасы на 700 млн баррелей,2017-02-13 14:55:06,99.38270449638367,80,70
Умер член совета директоров ЛУКОЙЛа,2017-02-14 13:03:49,0,-50,-20
ЛУКОЙЛ продал свой последний актив на Украине,2017-02-21 14:54:33,0,Error_Evaluation_Gigachat,-20
Сын Патрушева возглавил совет директоров СП «Газпрома» и ЛУКОЙЛа,2017-03-01 11:44:48,0,Error_Evaluation_Gigachat,50
Чистая прибыль ЛУКОЙЛа в 2016 году сократилась на 29%,2017-03-14 11:51:10,-99.27132725715637,-50,-40
"Суд обязал Сбербанк отдать ЛУКОЙЛу 539,9 млн руб. за «Красные баррикады»",2017-03-16 08:12:13,-98.33473563194275,-80,-10
ЛУКОЙЛ задумался о продаже трети своих заправок в России,2017-03-28 05:00:02,0,-50,-30
У ЛУКОЙЛа появился план продать Ухтинский НПЗ с дисконтом,2017-03-30 11:20:11,84.27535891532898,-75,-20
Алекперов прокомментировал сообщения о продаже принадлежащих компании АЗС,2017-04-05 13:42:00,0,35,5
СМИ сообщили о планах ЛУКОЙЛа продать все свои заправки в России,2017-04-07 15:57:33,0,-85,-30
В Коми загорелась нефтяная скважина ЛУКОЙЛа,2017-04-10 17:34:02,-95.25722861289978,-50,-30
Прокуратура начала проверку возгорания нефтяной скважины ЛУКОЙЛа в Коми,2017-04-10 20:18:55,-99.44472312927246,-30,-40
В нефтепроводах «Транснефти» не нашлось места обещанной Ташкенту нефти,2017-04-12 05:00:56,-99.52164888381958,-50,-20
ЛУКОЙЛ отказался от продажи своих АЗС в России,2017-04-13 14:16:42,-80.42720556259155,80,50
«Дочка» ЛУКОЙЛа назвала виновного в пожаре на месторождении в Коми,2017-04-14 16:12:36,-99.60426092147827,Error_Evaluation_Gigachat,-20
Трейдер ЛУКОЙЛа сохранил лидерство в рейтинге Forbes,2017-04-20 12:35:00,0,75,50
В правительстве предложили нефтяникам увеличить добычу в обмен на льготы,2017-04-21 03:00:01,98.24129343032837,75,40
ЛУКОЙЛ создал СП для продажи иракской нефти,2017-05-02 12:23:18,0,50,50
В Перми на нефтеперерабатывающем заводе ЛУКОЙЛа произошел пожар,2017-05-05 05:03:54,-99.60845708847046,-80,-40
В Коми локализовали пожар на скважине ЛУКОЙЛа после 25 дней горения,2017-05-05 16:37:12,-98.26181530952454,-80,-20
В Коми потушили горевшую месяц скважину ЛУКОЙЛа,2017-05-11 18:58:36,-64.57006931304932,50,-20
Приставы собрались конфисковать Mercedes у сына вице-президента ЛУКОЙЛа,2017-05-15 15:57:14,-94.79939341545105,-80,-10
Сын вице-президента ЛУКОЙЛа заявил о непричастности к новым нарушениям,2017-05-16 10:41:20,-99.75249171257019,Error_Evaluation_Gigachat,5
Приставы арестовали Gelandewagen сына вице-президента ЛУКОЙЛа,2017-05-18 11:05:03,0,Error_Evaluation_Gigachat,-20
"ЛУКОЙЛ закрыл сделку по продаже алмазного бизнеса за $1,45 млрд",2017-05-25 11:02:50,0,-70,50
"Чистая прибыль ЛУКОЙЛа в I квартале выросла на 45,5%",2017-05-30 11:06:33,99.77320432662964,80,75
Bloomberg сообщил о потере Алекперовым $1 млрд с начала года,2017-05-31 12:09:43,99.14325475692749,-50,-30
Глава ЛУКОЙЛа заявил о падении прибылей НПЗ из-за налогового маневра,2017-06-02 08:12:01,-87.06302642822266,-80,-40
Алекперов назвал свою долю в ЛУКОЙЛе,2017-06-02 08:13:06,0,25,5
Вагит Алекперов — РБК: «Нам не нужна нефть по $100»,2017-06-02 12:44:45,0,Error_Evaluation_Gigachat,20
«Россети» установят модули для заправки электромобилей на АЗС в Москве,2017-06-03 15:10:10,99.01618957519531,25,50
ЛУКОЙЛ приобретет нефтяную компанию в ХМАО у катарского шейха,2017-06-08 11:02:05,99.12782311439514,75,60
Структуры Алекперова заключили опцион на продажу ADR ЛУКОЙЛа на $47 млн,2017-06-13 13:57:39,0,-25,5
ЛУКОЙЛ сократит добычу нефти на 1% в России из-за сделки с ОПЕК,2017-06-14 14:48:41,0,-50,-20
«Дочка» ЛУКОЙЛа выиграла тендер на освоение месторождения в Мексике,2017-06-19 22:13:20,95.26340961456299,85,50
"Суд обязал Сбербанк отдать ЛУКОЙЛу 147,6 млн руб. за «Красные баррикады»",2017-07-05 08:41:16,-98.28044176101685,-30,-10
"«Роснефть» за год заработала на продаже кофе 2,4 млрд руб.",2017-07-18 16:56:06,99.62587356567383,-50,50
ЛУКОЙЛ утвердил новый состав правления компании,2017-07-20 11:59:16,0,50,30
СМИ назвали рискующие пострадать от санкций США проекты России и ЕС,2017-07-25 14:47:28,-99.0895688533783,Error_Evaluation_Gigachat,-30
Новые санкции США прервут международную экспансию российских нефтяников,2017-08-04 05:27:13,-99.68673586845398,Error_Evaluation_Gigachat,-70
"После продажи алмазного бизнеса чистая прибыль ЛУКОЙЛа выросла на 90,7%",2017-08-29 13:09:49,99.83212351799011,80,75
ЛУКОЙЛ поддержал решение ЦБ санировать «ФК Открытие»,2017-08-30 11:54:26,0,50,30
ЛУКОЙЛ задумался о продаже крупнейшего покупателя российской нефти,2017-08-30 14:09:22,0,-50,-40
ЛУКОЙЛ снизит на треть пик добычи на Западной Курне-2 в Ираке,2017-09-01 10:37:59,0,-60,-20
СК начал проверку после гибели горняка в шахте ЛУКОЙЛа в Коми,2017-09-14 14:17:01,0,Error_Evaluation_Gigachat,-30
Турецкая Palmali подала иск к нефтетрейдеру ЛУКОЙЛа почти на $2 млрд,2017-09-18 19:20:24,-99.48660135269165,-50,-30
В ЛУКОЙЛе одобрили продажу нефтетрейдера Litasco,2017-09-21 12:42:33,0,-75,30
Глава ЛУКОЙЛа прокомментировал схему «спасения» ЦБ «ФК Открытие»,2017-09-21 13:46:17,95.66932916641235,35,30
Суд обязал Сбербанк выплатить ЛУКОЙЛу 354 млн руб. за «Красные баррикады»,2017-09-27 15:05:49,-99.744713306427,-60,-10
СП «Роснефти» и ЛУКОЙЛа вдвое снизило добычу из-за сделки с ОПЕК,2017-09-28 14:58:26,-99.7493028640747,-50,-30
Из «Башнефти» ушел вице-президент по финансам,2017-10-03 16:57:48,0,-25,-20
СМИ сообщили о погибших при пожаре на Нижегородском НПЗ,2017-10-05 13:33:09,-81.41565322875977,-80,-40
Алекперов допустил IPO крупнейшего покупателя российской нефти,2017-10-10 14:28:11,98.87240529060364,75,50
Алекперов решил не передавать управление ЛУКОЙЛом сыну,2017-10-10 20:09:10,0,75,30
ЛУКОЙЛ не нашел нефть на четырех месторождениях в Балтийском море,2017-10-16 13:54:43,-99.00596141815186,-80,-30
Конкуренты «Роснефти» пожаловались Медведеву на налоговую дискриминацию,2017-10-17 07:00:11,-99.83590245246887,Error_Evaluation_Gigachat,-20
«Роснефть» и ЛУКОЙЛ поспорили о цене нефти с Требса и Титова,2017-10-18 12:10:17,0,35,0
Сечин заявил об отсутствии планов купить ЛУКОЙЛ,2017-10-19 12:54:19,0,Error_Evaluation_Gigachat,0
"ЛУКОЙЛ может выплатить дивиденды на 72,3 млрд руб.",2017-10-25 09:05:55,99.03073310852051,50,80
"ЛУКОЙЛ увеличит капитал зарубежной «дочки» на €6,2 млрд",2017-10-26 12:17:09,98.99696707725525,80,50
Алекперов пообещал стабильную цену на нефть до конца соглашения ОПЕК+,2017-11-13 11:29:36,99.37905669212341,Error_Evaluation_Gigachat,50
Федун покинул совет директоров подпавшего под санкции «ИФД КапиталЪ»,2017-11-14 17:51:31,-99.58674907684326,-50,-30
В Румынии прекратили уголовное дело против «дочки» ЛУКОЙЛа,2017-11-17 11:13:28,-54.263293743133545,75,50
Минфин предложил конкурентам «Роснефти» подождать налоговых льгот 3 года,2017-11-21 21:03:34,98.60621094703674,-50,30
Новак заявил об отсутствии планов по консолидации в нефтяной отрасли,2017-11-27 06:30:03,-99.23621416091919,Error_Evaluation_Gigachat,5
"Чистая прибыль ЛУКОЙЛа за 9 месяцев 2017 года выросла до 298,3 млрд руб.",2017-11-29 11:37:48,99.5403528213501,60,70
ЛУКОЙЛ отложил продажу Litasco на следующий год,2017-12-01 08:51:53,0,-50,5
Суд перепутал «Роснефть» с ЛУКОЙЛом в приговоре Улюкаеву,2017-12-15 15:05:17,0,Error_Evaluation_Gigachat,0
На заправке ЛУКОЙЛа на юго-востоке Москвы произошло возгорание,2018-01-02 17:45:20,-81.07042908668518,-50,-20
ЛУКОЙЛ погасит до 10% казначейских акций,2018-01-12 11:14:26,98.4129548072815,80,50
Глава ЛУКОЙЛа спрогнозировал балансировку рынка нефти в апреле,2018-01-24 11:51:05,0,50,30
Алекперов рассказал Путину о планах построить комплекс за 120 млрд руб.,2018-02-05 14:06:00,0,Error_Evaluation_Gigachat,50
Нефтяники заработали на падении цен на нефть,2018-02-12 06:03:01,0,80,50
«Роснефть» решила закрыть совместное предприятие «Башнефти» с ЛУКОЙЛом,2018-02-26 14:42:03,0,-50,-20
В ЛУКОЙЛе сменили главного бухгалтера,2018-03-01 09:44:15,0,25,5
«Коммерсантъ» узнал о желании Сечина получить льготы на 145 млрд руб.,2018-03-07 05:08:09,95.33249139785767,Error_Evaluation_Gigachat,-30
Глава Росприроднадзора рекомендовал уволить руководителя службы в ХМАО,2018-03-13 14:02:40,-98.72019290924072,35,0
Чистая прибыль ЛУКОЙЛа выросла в 2017 году в два раза,2018-03-21 11:20:45,99.78941082954407,80,80
ЛУКОЙЛ на одну минуту обошел по стоимости «Роснефть»,2018-03-23 13:20:42,0,50,5
Алекперов анонсировал отход акционеров ЛУКОЙЛа от управления компанией,2018-03-23 15:16:17,0,50,-40
В ЛУКОЙЛе назвали кофе на заправках «высокомаржинальным баррелем»,2018-03-23 16:43:22,84.12231206893921,50,5
ЛУКОЙЛ обещал акционерам дополнительные выплаты при цене нефти выше $50,2018-03-23 17:34:39,97.68097996711731,70,75
Вице-президент ЛУКОЙЛа подарил жене акции компании на 110 млн руб.,2018-03-27 12:18:07,89.07936215400696,30,5
ЛУКОЙЛ стал дороже «Роснефти» на Московской бирже,2018-03-27 13:41:04,-99.36782717704773,50,50
ЛУКОЙЛ обошел «Газпром» по капитализации,2018-03-28 08:34:26,-93.68113875389099,80,50
Глава ЛУКОЙЛа допустил отход акционеров от управления в течение 3–5 лет,2018-03-30 07:04:54,0,-70,-20
Глава ЛУКОЙЛа рассказал о возможном преемнике из топ-менеджмента компании,2018-03-30 08:46:13,96.46875262260437,50,50
В Казахстане заявили об интересе ЛУКОЙЛа к своим шельфовым месторождениям,2018-04-05 05:59:33,78.61385941505432,50,50
Совдир ЛУКОЙЛа рекомендовал направить на выплату дивидендов 44% прибыли,2018-04-24 14:03:39,96.0316002368927,80,70
"ЛУКОЙЛ погасил еврооблигации на $1,5 млрд",2018-04-26 15:45:34,81.0826063156128,75,50
ЛУКОЙЛ договорился о новых условиях добычи нефти на Западной Курне-2,2018-05-11 14:36:19,75.18245577812195,75,50
В Коми семь человек погибли в результате падения вездехода в ручей,2018-05-16 08:46:21,-99.57629442214966,-50,0
Алекперов заявил о планах ЛУКОЙЛа укрупнить сбытовые структуры,2018-05-24 13:40:27,0,80,50
Вагит Алекперов — РБК: «ЛУКОЙЛ слишком дорого стоит»,2018-05-24 15:10:48,-91.91798567771912,-50,-30
Чистая прибыль ЛУКОЙЛа в первом квартале увеличилась почти вдвое,2018-05-28 13:11:01,99.45021867752075,80,80
ЦБ выявил причинивших ЛУКОЙЛу ущерб на 146 млн руб. инсайдеров,2018-05-29 16:57:40,-99.72625970840454,-80,-30
ЛУКОЙЛ построит нефтехимический комплекс в Болгарии,2018-05-31 11:37:32,99.05360341072083,85,50
PDVSA уведомила ЛУКОЙЛ о невозможности поставить нефть в полном объеме,2018-06-05 08:00:58,-94.132000207901,-80,-30
ЛУКОЙЛ остановит бурение на ставшем предметом спора с «Роснефтью» участке,2018-06-19 10:11:41,-99.49151277542114,-50,-30
Базовое вознаграждение членам совдира ЛУКОЙЛа выросло в полтора раза,2018-06-21 14:50:55,99.40690994262695,50,50
Алекперов счел невозможной цену на нефть в $100,2018-06-21 18:18:57,-59.54151153564453,-50,-20
"«Дочка» ЛУКОЙЛа продала 16,57% его акций",2018-07-19 10:39:56,-99.79629516601562,-30,5
"ЛУКОЙЛ заявил о планах погасить 11,82% казначейских акций",2018-07-19 14:40:16,-91.44555330276489,50,50
«Магнит» и ЛУКОЙЛ начали переговоры об открытии магазинов на АЗС,2018-07-26 11:03:09,0,75,50
ЛУКОЙЛ сможет в разы увеличить выплаты акционерам,2018-08-03 11:08:11,99.42827224731445,80,80
ЛУКОЙЛ обогнал Сбербанк по капитализации,2018-08-30 15:08:48,71.36768698692322,75,50
ЛУКОЙЛ допустил увеличение добычи нефти на 1%,2018-09-05 12:50:37,99.4899332523346,50,30
ЛУКОЙЛ выбрал Ситибанк для проведения обратного выкупа акций,2018-09-07 09:55:51,0,80,50
СМИ узнали о захвате заложников на месторождении ЛУКОЙЛа в Ираке,2018-09-07 20:31:19,0,Error_Evaluation_Gigachat,-40
ЛУКОЙЛ ответил на сообщения о захвате заложников на месторождении в Ираке,2018-09-07 21:32:56,0,25,-30
Сбербанк обогнал ЛУКОЙЛ по капитализации,2018-09-13 14:44:18,0,-75,50
"Президент ЛУКОЙЛа купил акции компании на 99,5 млн руб.",2018-09-26 11:19:28,97.73991107940674,80,50
Аргумент «Роснефти»: почему ЛУКОЙЛ обвинили в монополизме,2018-09-28 12:59:18,-99.58176016807556,-50,30
"Казахстан добился выплаты $1,1 млрд от ЛУКОЙЛа и Eni по спору о нефти",2018-10-01 11:22:37,0,-50,60
Алекперов прокомментировал жалобу «Роснефти» в ФАС на ЛУКОЙЛ,2018-10-01 15:59:19,-99.40075874328613,50,5
«Роснефть» предложила ЛУКОЙЛу «другую логику» работ в совместном проекте,2018-10-01 18:09:54,0,-50,5
Глава ЛУКОЙЛа сообщил об уходе сына из компании,2018-10-03 09:09:37,0,-25,5
«Коммерсантъ» сообщил о намерении ЛУКОЙЛа продать электростанции,2018-10-18 03:57:53,0,-80,5
"Пенсионные фонды США набрали $1,5 млрд рисковых российских активов",2018-10-22 04:00:17,99.06651973724365,Error_Evaluation_Gigachat,50
Румынский суд оправдал «дочек» ЛУКОЙЛа,2018-10-23 21:59:36,0,80,5
Вице-президент ЛУКОЙЛа приобрел акции компании на 20 млн руб.,2018-10-24 15:47:10,97.3483681678772,75,50
Президент ЛУКОЙЛа исключил дефицит топлива на внутреннем рынке,2018-10-30 21:15:31,0,80,50
Правительство договорилось с нефтяниками о стабилизации цен на топливо,2018-10-31 19:29:30,97.7980375289917,50,50
ЛУКОЙЛ заявил о снижении цен на бензин в опте,2018-11-01 08:35:18,-99.35111403465271,-50,30
"Федун передал детям акции ЛУКОЙЛа на $1,2 млрд",2018-11-01 10:08:20,0,50,30
ЛУКОЙЛ и Eni договорились о перераспределении долей в проектах в Мексике,2018-11-06 13:06:19,0,80,50
Глава ЛУКОЙЛа оценил потери компании от заморозки цен на бензин,2018-11-12 12:07:22,-99.3670105934143,-50,-30
"Чистая прибыль ЛУКОЙЛА за девять месяцев выросла на 54,3%",2018-11-28 13:10:23,99.8143196105957,80,80
ЛУКОЙЛ решил на три года ускорить программу обратного выкупа акций,2018-11-29 15:31:03,87.77520656585693,80,75
ФАС ускорит рассмотрение жалобы «Роснефти» против ЛУКОЙЛа,2018-12-05 19:22:43,-99.55246448516846,-50,5
Алекперов назвал невозможным появление женщины во главе ЛУКОЙЛа,2018-12-11 11:38:01,0,-25,5
В Москве убили бенефициара нефтяной компании,2018-12-29 10:08:48,96.8862235546112,Error_Evaluation_Gigachat,-40
СК начал проверку гибели двух рабочих на месторождении в Коми,2019-01-09 14:35:15,-65.09661078453064,-50,-30
Алекперов заявил о готовности «идти до победного» в споре с «Роснефтью»,2019-01-14 06:03:46,96.25628590583801,Error_Evaluation_Gigachat,20
«Коммерсантъ» сообщил о жалобе нефтяных компаний на Росгвардию,2019-01-18 02:51:28,-99.85460042953491,-50,-20
Алекперов заявил об отсутствии интересных проектов в России,2019-01-23 13:50:28,0,-50,-30
ЛУКОЙЛ заявил о намерении на 20% увеличить добычу в Ираке,2019-02-07 13:16:45,80.357825756073,75,50
Трейдер ЛУКОЙЛа Litasco прекратил работать с Венесуэлой,2019-02-14 13:20:04,48.379942774772644,-50,-30
Алекперов попросил власти поддержать добычу нефти в Западной Сибири,2019-02-27 09:56:42,0,50,50
ФАС заняла сторону «Роснефти» в споре с ЛУКОЙЛом,2019-03-14 12:16:38,0,-30,30
Власти выбрали строителя армейских складов во Владивостоке за ₽26 млрд,2019-03-19 04:00:37,78.94288301467896,50,50
ЛУКОЙЛ выразил готовность продлить соглашение о стабилизации цен,2019-03-22 15:05:55,99.10383224487305,80,50
ЛУКОЙЛ решил закрыть свое подразделение в США,2019-03-27 10:19:16,0,-80,-20
ЛУКОЙЛ договорился о разработке шельфа в Казахстане,2019-04-03 11:47:16,99.14018511772156,80,70
СМИ узнали о жалобе нефтяников на Росприроднадзор из-за отработанных труб,2019-04-09 01:00:04,-99.7579276561737,-25,-20
ЛУКОЙЛ оспорил в суде решение ФАС по тяжбе с «Роснефтью»,2019-04-15 11:39:04,-84.59089994430542,-50,5
Крупнейший в России независимый НПЗ начал подготовку к банкротству,2019-04-30 09:50:17,-99.0587055683136,-75,-70
«Газпром» обогнал ЛУКОЙЛ по капитализации,2019-05-14 13:32:02,0,-50,50
ЛУКОЙЛ подорожал почти на ₽200 млрд из-за решения уменьшить капитал,2019-05-16 11:48:33,99.69833493232727,80,50
ЛУКОЙЛ поспорил с конкурентами о прибыльности нефтепереработки в России,2019-05-21 15:18:46,0,-30,5
НОВАТЭК обошел ЛУКОЙЛ по рыночной капитализации,2019-05-27 14:50:27,62.616413831710815,-50,50
ЛУКОЙЛ снизил капзатраты на фоне ограничения добычи из-за сделки с ОПЕК,2019-05-29 12:41:02,0,-50,30
Силуанов раскритиковал льготы нефтяникам на примере инвестиций ЛУКОЙЛа,2019-06-07 10:44:06,-99.7721016407013,-50,-30
Ростовские власти попросили ЛУКОЙЛ вернуть деньги из-за отключения воды,2019-06-10 18:52:26,-96.84565663337708,-50,-20
ЛУКОЙЛ впервые вышел в мировые лидеры по доходности для акционеров,2019-06-19 21:01:34,99.15125966072083,85,80
Глава ЛУКОЙЛа поддержал соглашение ОПЕК+ как меру против нефти за $200,2019-06-20 14:03:25,97.78643250465393,80,50
Бывший канцлер Австрии вошел в совет директоров ЛУКОЙЛа,2019-06-20 14:28:05,0,50,5
Гуцериев договорился о реструктуризации долга Сбербанку на ₽170 млрд,2019-07-04 14:01:47,0,25,50
СМИ узнали о проблемах с грязной нефтью еще до инцидента с «Дружбой»,2019-07-16 02:55:06,-99.27654266357422,-30,-40
Суд занял сторону ЛУКОЙЛа в споре с «Роснефтью» о цене перевалки нефти,2019-08-02 15:22:44,-61.905479431152344,75,50
Акции ЛУКОЙЛа подскочили более чем на 5%,2019-08-19 14:46:44,99.80782270431519,80,75
ЛУКОЙЛ досрочно выкупил на бирже собственные акции за $3 млрд,2019-08-20 08:12:51,96.70097827911377,80,50
ЛУКОЙЛ получил уведомления контрагентов о претензиях по ЧП на «Дружбе»,2019-08-28 13:01:19,0,-50,-40
"Чистая прибыль ЛУКОЙЛа за первое полугодие выросла на 19,6%",2019-08-28 15:24:06,99.78542923927307,75,75
Котировки российских нефтяных компаний выросли вслед за ценами на сырье,2019-09-16 07:44:19,0,75,70
Акции ЛУКОЙЛа подорожали более чем на 6% на фоне нового выкупа бумаг,2019-10-01 09:20:33,99.39355254173279,75,70
В Энергостратегию заложили либерализацию доступа на шельф Арктики,2019-10-08 05:00:43,0,50,50
ЛУКОЙЛ назвал условие для участия в проектах на шельфе в Арктике,2019-10-14 07:27:42,98.26287031173706,50,30
ЛУКОЙЛ заявил о договоренности по компенсации получателю грязной нефти,2019-10-14 12:23:09,97.68463969230652,80,50
ЛУКОЙЛ стал партнером Фридмана по добыче газа в ОАЭ,2019-10-15 17:06:43,98.04553389549255,85,50
ЛУКОЙЛ направит на выплаты акционерам весь свободный денежный поток,2019-10-16 11:23:53,99.13227558135986,80,75
Что случилось за день. Главные новости РБК,2019-10-16 16:29:23,0,0,0
Алекперов лично опроверг слухи о продаже ЛУКОЙЛа «Сургутнефтегазу»,2019-10-28 15:34:40,0,75,50
ЛУКОЙЛ предупредил о риске снижения потребления бензина для автомобилей,2019-12-17 12:05:32,-99.82328414916992,-75,-30
В Ухте загорелся нефтеперерабатывающий завод ЛУКОЙЛа,2020-01-09 15:12:47,-97.7575421333313,-85,-40
Появилось видео пожара на НПЗ ЛУКОЙЛа в Ухте,2020-01-09 16:24:54,-99.30315017700195,-80,-40
Пожар на НПЗ ЛУКОЙЛа в Ухте. Фоторепортаж,2020-01-09 16:25:19,77.21017003059387,-80,-30
Во время пожара на НПЗ в Ухте из резервуаров вылилось горючее,2020-01-09 20:27:42,-99.8089849948883,-75,-40
ЛУКОЙЛ сообщил о последствиях пожара на НПЗ в Коми,2020-01-10 09:08:36,-88.09987902641296,-50,-30
Алекперов назвал условия возврата цен на нефть к $100 за баррель,2020-01-22 14:36:36,97.63827323913574,80,50
Путин поинтересовался средней зарплатой в ЛУКОЙЛе,2020-01-28 12:58:33,-60.95897555351257,50,30
Глава ЛУКОЙЛа заявил о планах инвестировать $100 млрд в следующие 10 лет,2020-01-28 16:33:06,99.54160451889038,80,75
Бумаги «Газпрома» обеспечили четверть всего роста российского рынка акций,2020-02-03 02:00:14,99.78075623512268,80,70
«Роснефть» потратит на «зеленые инвестиции» 300 млрд руб.,2020-02-17 16:30:21,99.70550537109375,-50,50
Россия и Белоруссия договорились о компенсации за налоговый маневр,2020-02-22 14:05:49,97.12560176849365,80,30
Вице-президент ЛУКОЙЛа предсказал эпоху дешевой нефти до 2040 года,2020-03-02 20:10:03,99.20936226844788,-50,-40
Вице-президент ЛУКОЙЛа Азат Шамсуаров лишился части полномочий,2020-03-04 11:08:52,-99.8098075389862,-50,-20
Возглавлявший совет директоров ЛУКОЙЛа 20 лет Грайфер уйдет в отставку,2020-03-05 13:40:53,-80.89396357536316,-50,-20
В ЛУКОЙЛе оценили потери России от разрыва сделки с ОПЕК,2020-03-07 01:30:55,-99.7961163520813,-30,-30
ЛУКОЙЛ анонсировал рекордные дивиденды на фоне падения цены на нефть,2020-03-11 17:51:37,99.76590871810913,75,60
«Роснефть» выбыла из тройки самых дорогих компаний России,2020-03-12 09:20:07,-99.80732202529907,25,-20
Алекперов купил акции ЛУКОЙЛа на 950 млн руб.,2020-03-16 08:17:46,84.39306020736694,80,50
Федун назвал цену на нефть катастрофической,2020-03-19 08:30:55,0,-80,-40
Интервью Леонида Федуна о нефтяной «войне на истощение». Полная версия,2020-03-19 09:26:27,0,75,20
"ЛУКОЙЛ сократит расходы на $1,5 млрд после падения цен на нефть",2020-03-19 13:40:24,0,-75,-20
«Роснефть» и ЛУКОЙЛ сообщили о продолжении работы АЗС в обычном режиме,2020-03-29 19:46:31,97.31799960136414,25,50
Федун — РБК: «Без сделки ОПЕК+ нам пришлось бы сократить добычу до 50%»,2020-04-11 13:02:21,-56.8154513835907,-80,20
Крупнейшие акционеры ЛУКОЙЛа направят дивиденды на поддержку компании,2020-04-11 13:26:39,99.55064058303833,80,50
Федун сравнил соглашение ОПЕК+ с Брестским миром,2020-04-11 13:40:49,99.54385161399841,Error_Evaluation_Gigachat,-20
Умер возглавлявший совет директоров ЛУКОЙЛа 20 лет Валерий Грайфер,2020-04-24 10:53:55,0,-80,20
ЛУКОЙЛ приостановит 20% бурения в Западной Сибири,2020-04-27 14:01:28,-99.72721934318542,-60,-30
Первая российская нефтяная компания разместила бонды после обвала рынка,2020-04-29 02:20:11,96.3478147983551,75,50
Леонида Федуна госпитализировали с коронавирусом,2020-05-07 09:17:28,0,-50,-20
ЛУКОЙЛ начал перевод ключевых сотрудников с удаленки в офис,2020-05-18 20:52:44,-98.84886145591736,30,5
ЛУКОЙЛ объявил о плане вернуть всех сотрудников на работу в офис до июня,2020-05-19 18:38:57,0,50,30
"ФАС оспорила сделку ЛУКОЙЛа по продаже алмазной компании за $1,45 млрд",2020-05-25 12:01:02,0,-70,-30
"ЛУКОЙЛ ответил на иск ФАС о сделке на $1,5 млрд",2020-05-27 13:16:16,0,20,0
В Москве умер топ-менеджер ЛУКОЙЛа,2020-05-27 16:18:29,0,-80,-20
"ВТБ заявил о риске бегства инвесторов из-за иска ФАС на $1,45 млрд",2020-06-01 13:52:29,-99.77419376373291,-80,-70
Экс-главу «дочки» ЛУКОЙЛа заочно арестовали по делу о растрате,2020-06-02 17:16:03,-99.49542880058289,-80,-30
"ЦБ не нашел угрозы инвестклимату в оспаривании ФАС сделки на $1,45 млрд",2020-06-05 17:07:16,0,20,30
"ВТБ подал иск на 61 млрд руб. после оспаривания ФАС сделки на $1,45 млрд",2020-07-02 08:47:40,-99.71791505813599,-90,-40
«Татнефть» предложила подрядчикам подождать оплаты год,2020-07-17 14:02:29,91.1564826965332,-50,-30
ЛУКОЙЛ войдет в проект по добыче углеводородов в Сенегале,2020-07-27 12:16:45,0,75,50
"Дело по иску ФАС к ЛУКОЙЛу о сделке на $1,45 млрд передали в Москву",2020-07-29 16:06:38,0,-70,-20
В Коми из-за повреждения нефтепровода произошел разлив 7 т нефти,2020-08-03 17:09:48,-99.01720881462097,-50,-30
The Times назвала россиянина бенефициаром крупного энергопроекта Британии,2020-08-06 01:55:53,98.6581802368164,Error_Evaluation_Gigachat,-20
Главы нефтяных компаний написали Путину об опасности повышения налогов,2020-08-19 06:39:32,-99.16056394577026,Error_Evaluation_Gigachat,-30
СМИ узнали о планах ЛУКОЙЛа перевести до половины сотрудников в регионы,2020-10-12 07:36:10,-99.66048002243042,-50,-20
ЛУКОЙЛ сообщил о разливе менее 1 т нефти на месторождении в НАО,2020-10-20 14:20:46,-99.83792304992676,-25,-5
На нефтяной шахте ЛУКОЙЛа в Коми произошел пожар,2020-11-01 18:20:29,-99.67350363731384,-50,-30
В головном офисе ЛУКОЙЛа сократят рабочую неделю и урежут зарплаты,2020-11-05 10:16:52,-97.18160033226013,-80,-40
"Шесть выборщиков Байдена, сбои помощи от COVID. Главные новости РБК",2020-11-05 16:15:06,0,Error_Evaluation_Gigachat,-20
Федун назвал неизбежным снижение экспорта нефти и газа в Европу,2020-11-24 06:43:34,-97.67031073570251,Error_Evaluation_Gigachat,-40
В Ненецком округе произошла утечка нефти на Харьягинском месторождении,2020-12-25 18:23:03,-99.81234669685364,-50,-30
Власти назвали причину утечки нефти на Харьягинском месторождении,2020-12-26 18:56:23,0,50,-20
Нефтяники увеличат переработку для создания запасов перед пиком спроса,2021-01-28 19:12:20,84.56788063049316,75,50
Алекперов назвал бессмысленными призывы отказаться от нефти,2021-02-11 11:25:12,0,Error_Evaluation_Gigachat,50
ЛУКОЙЛ предложил выкупить нефтегазовую компанию из Австралии,2021-02-17 08:22:44,97.68433570861816,85,50
Алекперов предупредил о риске дефицита нефти из-за борьбы с выбросами,2021-03-10 18:55:28,-99.81512427330017,85,50
ЛУКОЙЛ предупредил об использующих имя компании мошенниках,2021-03-22 14:22:18,-99.83125925064087,-50,-20
Руководство ЛУКОЙЛа обязали «кровно и рублем» отвечать за вред экологии,2021-03-25 15:07:14,-99.73487854003906,-75,-30
Глава ВТБ объяснил планы получения проданного ЛУКОЙЛом алмазодобытчика,2021-03-29 06:23:28,0,35,5
"Федун — РБК: «Сделка ОПЕК+, может быть, навсегда»",2021-04-26 07:15:25,91.63274765014648,75,30
Федун сравнил доходы от продажи квот CO₂   с выручкой «Газпрома»,2021-04-26 07:52:38,97.92097806930542,50,50
"Федун о вечной сделке ОПЕК+, лесах и о том, куда вложить ₽1 млн. Видео",2021-04-26 09:52:12,97.91983366012573,35,50
«Дочка» ЛУКОЙЛа оценила масштаб разлива нефтепродуктов в Коми,2021-05-16 02:40:40,0,-30,-40
ЛУКОЙЛ заявил об отсутствии угрозы для Арктики из-за разлива нефти в Коми,2021-05-17 14:19:28,0,50,50
Росприроднадзор назвал площадь разлива нефтепродуктов в Коми,2021-05-17 14:29:34,0,-25,-40
ЛУКОЙЛ разделил свой бизнес в энергетике,2021-05-21 05:00:06,0,75,50
"Мир в Палестине, санкции по Nord Stream 2 реанимируют. Главное за ночь",2021-05-21 05:52:23,-99.46921467781067,Error_Evaluation_Gigachat,50
Эксперты ВШЭ оценили доходы России от поглощения CO₂ в $50 млрд в год,2021-05-26 12:00:23,98.5217273235321,30,50
Wintershall Dea вышла из совместного проекта с ЛУКОЙЛом,2021-05-28 16:37:10,83.54195356369019,-75,-30
"ЛУКОЙЛ не согласился с оценкой ущерба от разлива в Коми, но решил платить",2021-06-04 11:02:18,-99.57828521728516,35,5
Алекперов допустил колебания цен на нефть «от нуля до бесконечности»,2021-06-05 09:14:59,0,30,5
ЛУКОЙЛ купил долю в мексиканском нефтяном проекте за $435 млн,2021-07-05 06:57:46,97.94158935546875,70,70
Федун назвал дедлайн для перестройки нефтяного экспорта России,2021-07-19 09:48:47,0,30,30
Федун назвал условие снижения цен на бензин в России до 20 руб. за литр,2021-07-19 10:54:21,0,80,50
Глава ЛУКОЙЛа допустил обрушение рынка при нефти по $100 за баррель,2021-09-07 04:52:52,-96.13641500473022,Error_Evaluation_Gigachat,-30
Shell предупредила о риске банкротства для части АЗС в России,2021-09-09 11:28:08,-99.83959794044495,75,-30
ЛУКОЙЛ опроверг планы по продаже энергогенерирующих активов,2021-09-15 13:05:19,0,80,50
ЛУКОЙЛ заменит Shell в СП с «Газпром нефтью» на Ямале,2021-09-16 17:01:27,0,50,50
Экс-менеджеру ЛУКОЙЛа избрали домашний арест из-за инсайдерских данных,2021-09-29 09:03:01,-96.33821845054626,-50,-30
ЛУКОЙЛ провел свое крупнейшее размещение на Лондонской бирже,2021-10-19 20:01:28,0,75,75
Глава ЛУКОЙЛа получил орден Александра Невского,2021-11-29 13:33:12,0,25,10
Федун предсказал «драматичное удорожание» нефти до $380,2021-12-17 09:17:40,99.58691000938416,95,70
ЛУКОЙЛ приостановил почти 10% добычи нефти в Ираке,2022-02-25 13:15:10,-99.7751772403717,Error_Evaluation_Gigachat,-30
Совет директоров ЛУКОЙЛа выступил за прекращение конфликта на Украине,2022-03-03 16:38:26,0,Error_Evaluation_Gigachat,50
Экс-канцлер Австрии объявил о выходе из совета директоров ЛУКОЙЛа,2022-03-04 12:20:26,0,-30,5
НОВАТЭК вслед за ЛУКОЙЛом призвал к дипломатическому решению на Украине,2022-03-04 20:34:48,0,Error_Evaluation_Gigachat,5
В США предложили закрыть заправки ЛУКОЙЛа из-за событий на Украине,2022-03-06 04:45:36,0,Error_Evaluation_Gigachat,-40
"S&P понизило кредитные рейтинги «Газпрома», «Роснефти» и РЖД",2022-03-08 08:38:02,-98.94266128540039,-50,-70
В Нижегородской области загорелись шесть бензовозов,2022-03-22 08:57:27,-99.81391429901123,Error_Evaluation_Gigachat,-20
ЛУКОЙЛ стал владельцем ЕКА,2022-03-24 09:21:52,94.10505294799805,80,50
"«Коммерсантъ» узнал об идее ЛУКОЙЛа, как избежать риска остановки НПЗ",2022-04-07 07:30:44,0,50,30
Алекперов покинул совет директоров ЛУКОЙЛа и пост главы компании,2022-04-21 09:36:39,0,-50,-40
"Алекперов заявил, что останется в России после ухода из ЛУКОЙЛа",2022-04-22 20:48:44,0,75,30
Власти Италии опровергли данные о планах национализировать завод ЛУКОЙЛа,2022-04-27 00:27:26,0,50,30
НПЗ «Лукойла» в Болгарии допустил остановку работы без нефти из России,2022-05-09 12:21:20,-99.60224032402039,-75,-30
Следствие назвало причину смерти бывшего топ-менеджера ЛУКОЙЛа,2022-05-11 16:46:25,-99.7052550315857,-25,-20
ЛУКОЙЛ купит у Shell «дочку» и сеть АЗС в России,2022-05-12 09:14:27,99.35442209243774,85,50
ФАС разрешила ЛУКОЙЛу купить «дочку» Shell,2022-05-19 15:03:16,92.38933324813843,50,50
Алекперов описал «шок для всех» в случае эмбарго ЕС на нефть из России,2022-05-22 14:00:12,-99.74923133850098,Error_Evaluation_Gigachat,-70
ЛУКОЙЛ закрыл сделку по покупке «дочки» Shell,2022-05-25 10:30:08,93.78525614738464,50,50
Акционеры ЛУКОЙЛа досрочно прекратили полномочия Алекперова,2022-05-31 13:29:07,0,-75,-20
ЛУКОЙЛ решил развивать сеть заправок Shell под финским брендом Teboil,2022-06-07 08:04:37,94.56289410591125,75,40
Enel продаст долю в российской «дочке» ЛУКОЙЛу и «Газпромбанк-Фрезия»,2022-06-16 18:04:47,0,80,15
Федун ушел с поста вице-президента ЛУКОЙЛа на пенсию,2022-06-27 14:19:50,0,-30,5
Федун ушел с поста вице-президента ЛУКОЙЛа,2022-06-27 17:28:24,0,-40,-20
Аналитики оценили снижение дивидендной доходности российского рынка,2022-07-11 05:00:19,-91.00514054298401,-50,-30
Shell оценила расходы от продажи АЗС и завода ЛУКОЙЛу,2022-07-28 07:54:27,-99.53247308731079,75,30
ЛУКОЙЛ получил первую иностранную заправку в России,2022-08-11 19:06:37,0,35,50
Саудовский принц вложил в «Газпром» и ЛУКОЙЛ $500 млн перед спецоперацией,2022-08-14 17:26:13,99.46683049201965,Error_Evaluation_Gigachat,50
ФАС оштрафует «дочки» ЛУКОЙЛа в двух регионах за завышение цен на бензин,2022-08-31 06:30:08,-99.83080625534058,-50,-40
Суд в США выдал ордер на арест самолета ЛУКОЙЛа,2022-08-31 21:27:18,0,Error_Evaluation_Gigachat,-30
Глава совета директоров ЛУКОЙЛа погиб после падения из окна ЦКБ,2022-09-01 06:47:06,0,-85,-70
В ЦКБ подтвердили смерть главы совета директоров ЛУКОЙЛа,2022-09-01 07:17:23,-88.95299434661865,-80,-40
ЛУКОЙЛ сообщил о смерти главы совета директоров после тяжелой болезни,2022-09-01 08:47:13,-96.23442888259888,-75,-40
Силовики допустили самоубийство погибшего главы совета директоров ЛУКОЙЛа,2022-09-01 09:44:36,-98.66691827774048,Error_Evaluation_Gigachat,-30
"Песков заявил, что причина гибели Равиля Маганова не вопрос Кремля",2022-09-01 11:01:36,0,Error_Evaluation_Gigachat,5
«Коммерсантъ» узнал о новом складе Ozon в Подмосковье взамен сгоревшему,2022-09-12 04:41:28,0,35,40
Власти Италии исключили национализацию НПЗ ЛУКОЙЛа на Сицилии,2022-09-16 22:44:10,0,80,50
«Коммерсантъ» узнал об отказе кабмина дать ЛУКОЙЛу «Надежду»,2022-10-11 06:41:15,-98.66623282432556,-50,-30
Алекперов назвал Азербайджан и Туркменистан «окном» для российской нефти,2022-10-31 18:06:39,0,25,50
FT узнала об отказе ЛУКОЙЛа продать завод на Сицилии компании из США,2022-11-05 03:01:50,-91.2151038646698,50,20
Правительство разрешило ЛУКОЙЛу создать охранную компанию,2022-11-05 12:42:04,0,50,50
ЛУКОЙЛ изменит структуру управления и откажется от президента,2022-11-14 11:58:07,0,-50,20
Самострой Алекперова в Скатертном переулке в Москве снесли после иска,2022-11-21 14:00:40,0,-25,0
La Repubblica узнала о плане властей Италии национализировать НПЗ ЛУКОЙЛа,2022-11-29 09:15:09,0,-100,-40
Правительство Италии согласовало национализацию НПЗ ЛУКОЙЛа,2022-12-02 01:33:26,0,-100,-40
"Власти Италии заявили, что о национализации НПЗ ЛУКОЙЛа речи не идет",2022-12-03 04:01:06,0,50,50
Болгарский НПЗ ЛУКОЙЛа допустил ограничение работы из-за санкций,2022-12-17 14:58:49,-99.27268028259277,-50,-30
ЛУКОЙЛ договорился о продаже НПЗ в Италии,2023-01-09 18:15:34,0,-75,50
Российские компании ухудшили позиции в рейтинге стоимости брендов,2023-01-18 10:09:51,-99.53996539115906,-50,-40
"В ЛУКОЙЛе заявили, что не поставляли топливо с НПЗ в Бургасе на Украину",2023-01-18 18:14:00,-98.59657287597656,Error_Evaluation_Gigachat,0
ЛУКОЙЛ пригрозил судом после сообщений о поставках топлива Украине,2023-01-25 12:46:32,-99.76956248283386,-80,-30
Европарламент призвал ЕС принять десятый пакет санкций против России,2023-02-02 14:15:59,-84.87197756767273,Error_Evaluation_Gigachat,-30
В Нижегородской области произошел пожар на НПЗ ЛУКОЙЛа,2023-02-07 09:16:20,-99.38769936561584,-75,-40
ЛУКОЙЛ сообщил о ликвидации возгорания на нефтеперерабатывающем заводе,2023-02-07 11:10:02,0,50,50
Италия собралась пересмотреть сделку по продаже НПЗ ЛУКОЙЛа из-за США,2023-04-08 13:45:18,0,-75,-30
Сын владельца ЛУКОЙЛа получил компанию по ремонту скважин в Сибири,2023-06-15 07:04:57,88.00663948059082,50,5
ЛУКОЙЛ отверг обвинения в контрабанде на терминале в Болгарии,2023-07-20 14:47:10,0,80,0
Президент Болгарии назвал безответственным отказ в аренде ЛУКОЙЛу,2023-08-04 09:53:05,-99.69096779823303,50,-20
Власти Болгарии решили уведомить ЛУКОЙЛ о разрыве договора на «Росенец»,2023-08-11 22:10:06,0,-75,-30
«Интерфакс» узнал о планах ЛУКОЙЛа выкупить 25% акций у нерезидентов,2023-08-22 13:23:32,98.96596074104309,80,50
Аналитики SberCIB оценили влияние выкупа акций у иностранцев на рубль,2023-08-31 11:42:02,98.69353771209717,35,50
Болгария забрала терминал у ЛУКОЙЛа без компенсаций,2023-09-04 21:15:54,-99.60749745368958,-75,-40
Болгария запретит поставки российской нефти на местный НПЗ ЛУКОЙЛа,2023-09-28 12:22:41,-99.79950189590454,-80,-30
ФАС отменила ограничение в 10 л при продаже бензина в Челябинске,2023-10-03 08:53:36,-99.66887831687927,80,5
«Газпром» снова стал самой прибыльной компанией России,2023-10-05 06:09:52,99.16601777076721,-50,70
В Болгарии рассмотрят запрет на поставки российской нефти на НПЗ ЛУКОЙЛа,2023-10-22 03:58:37,-99.69784021377563,-80,-40
Умер глава совета директоров ЛУКОЙЛа Владимир Некрасов,2023-10-24 11:48:26,0,-50,-30
На объекте ЛУКОЙЛа в Коми взорвался резервуар,2023-10-29 10:52:19,98.24104309082031,-80,-40
Пожар на объекте ЛУКОЙЛа в Коми перебросился на резервуар с нефтью,2023-10-29 15:30:46,0,-85,-40
В Болгарии созвали Совбез из-за законопроекта о запрете российской нефти,2023-11-14 06:48:07,0,-50,-20
Путин разрешил ЛУКОЙЛу купить долю UROC в «ЭЛ5-Энерго»,2023-12-01 20:26:13,96.4460551738739,Error_Evaluation_Gigachat,50
ЛУКОЙЛ заявил о «политической буре» из-за завода в Болгарии,2023-12-05 09:53:33,0,Error_Evaluation_Gigachat,-30
Болгарские депутаты устроили потасовку при обсуждении мер против ЛУКОЙЛа,2023-12-18 13:06:35,0,35,-20
Египет одобрил сделку с ЛУКОЙЛом по разведке и добыче нефти под Хургадой,2023-12-20 14:17:29,93.94139051437378,80,50
ФАС возбудила дела в отношении «дочек» ЛУКОЙЛа,2023-12-27 07:30:22,-72.98493981361389,-50,-30
На нижегородском заводе ЛУКОЙЛа остановили работу из-за «инцидента»,2024-01-12 14:00:20,0,-80,-30
«Ъ» связал аварию на заводе ЛУКОЙЛа с последствиями санкций,2024-01-15 09:40:18,-98.04506301879883,-50,-30
Экспорт бензина решили сократить на время ремонта завода ЛУКОЙЛа,2024-01-15 15:33:37,0,-50,-20
Власти обсудили запрет экспорта бензина после аварии у ЛУКОЙЛа,2024-01-15 16:58:48,-99.77250695228577,-80,-40
Bloomberg сообщил о падении объемов нефтепереработки в России,2024-01-22 17:52:59,-99.73551034927368,-30,-30
Новак назвал минимальный срок ремонта на нижегородском заводе ЛУКОЙЛа,2024-01-27 08:22:14,0,Error_Evaluation_Gigachat,5
«Спартак» показал проект нового Дворца спорта в Тушино,2024-01-31 10:15:01,0,0,5
Пожар на НПЗ ЛУКОЙЛа в Волгограде произошел из-за падения дрона,2024-02-03 05:02:06,-41.95965230464935,Error_Evaluation_Gigachat,-30
Yandex договорилась о продаже бизнеса в России,2024-02-05 06:03:19,0,-80,40
ЛУКОЙЛ назвал размер своей доли в «Яндексе» после закрытия сделки,2024-02-05 07:25:00,96.96533679962158,50,30
Стала известна стоимость продажи Yandex N.V. российского «Яндекса»,2024-02-05 08:22:03,-99.47901964187622,25,50
Менеджеры «Яндекса» станут крупнейшими совладельцами компании,2024-02-08 07:22:07,98.5554575920105,80,70
«Спартаку» запретили играть на своем стадионе,2024-02-29 17:31:13,-96.42041325569153,20,5
Лукойл поставил пробную партию СУГ в грузинский порт Кулеви--трейдеры,2024-03-01 13:17:47,0,25,30
Болгария прекратила импорт нефти из России,2024-03-01 15:05:49,0,-50,-30
Губернатор Никитин сообщил об атаке на объект ТЭК под Нижним Новгородом,2024-03-12 03:38:33,-99.6626615524292,Error_Evaluation_Gigachat,-40
На нижегородском объекте ТЭК начался пожар после атаки дронов,2024-03-12 03:55:34,-99.70347881317139,Error_Evaluation_Gigachat,-40
Топливные объекты в Орле и Нижнем Новгороде пострадали от атак беспилотников,2024-03-12 06:33:55,-99.81551766395569,Error_Evaluation_Gigachat,-30
Кадры пожара на нефтебазе в Нижегородской области после атаки дрона,2024-03-12 06:35:31,0,Error_Evaluation_Gigachat,-30
"Лукойл в 23г получил 1,16 трлн руб чистой прибыли",2024-03-12 13:36:47,99.77545142173767,75,80
Бензин подорожал на бирже на фоне атаки на Нижегородский НПЗ,2024-03-12 15:56:09,99.74780678749084,-75,50
ЛУКОЙЛ купил особняк «Голубая жемчужина» в Москве,2024-03-13 04:30:32,98.30085635185242,50,5
Умер вице-президент ЛУКОЙЛа и чемпион по авиамодельному спорту Робертус,2024-03-13 15:52:09,92.60690808296204,-50,-20
РФ увеличит экспорт нефти через западные порты в мар на 10% к прежнему плану--источники,2024-03-18 11:19:17,98.79869818687439,80,30
РФ увеличит экспорт нефти из западных портов 20-31 мар до 2-летнего максимума,2024-03-20 15:04:13,99.15910959243774,80,40
Bloomberg узнал об опасениях жителей города Болгарии из-за завода ЛУКОЙЛа,2024-04-02 08:30:46,0,-30,-20
Forbes назвал богатейшего бизнесмена России и 19 новых миллиардеров,2024-04-02 12:13:17,99.64463114738464,25,30
Алекперов впервые возглавил список богатейших бизнесменов России по версии Forbes,2024-04-02 15:17:56,96.02541923522949,80,30
"Турция и Бразилия оставались основными импортерами дизтоплива из РФ в марте--трейдеры, LSEG",2024-04-03 08:09:00,97.50407338142395,25,5
Санкции США мешают России ремонтировать НПЗ — источники,2024-04-04 11:21:50,-99.72395896911621,-80,-40
Офицеров ФТС отправили под домашний арест за взятку от менеджера ЛУКОЙЛа,2024-04-04 18:44:52,-99.63105320930481,-50,-30
Лукойл и Татнефть расширяют сети АЗС в Узбекистане,2024-04-05 09:49:52,99.76893663406372,50,50
Лукойл вошел в проект на казахстанском шельфе Каспия за $200 млн — Коммерсант,2024-04-08 06:08:34,0,80,50
Умершего вице-президента ЛУКОЙЛа подозревали в коррупции,2024-04-09 02:26:05,-99.58102703094482,Error_Evaluation_Gigachat,-30
"Лукойл и Казмунайгаз вложат $6,5 млрд в проект на казахстанском шельфе Каспия",2024-04-09 07:08:27,99.4272768497467,80,70
ЛУКОЙЛ запустил поврежденную дронами установку на Волгоградском НПЗ,2024-04-10 10:48:27,0,50,-20
Лукойл открыл свою первую АЗС в Казахстане по схеме франчайзинга,2024-04-15 09:57:34,98.0255126953125,50,50
"Прибыль ЭЛ5-Энерго в 1 кв выросла на 15,7% г/г",2024-05-02 14:17:06,99.64936375617981,80,65
На Волгоградском НПЗ после падения дрона произошел пожар,2024-05-12 03:05:12,-98.40287566184998,-80,-40
Пожар произошел на Волгоградском НПЗ Лукойла из-за атаки беспилотника,2024-05-12 07:20:10,-99.26844239234924,Error_Evaluation_Gigachat,-40
"Волгоградский НПЗ запустил установку АВТ-1, пострадавшую из-за пожара--источники",2024-05-20 15:06:40,99.41800832748413,-50,30
ФАС обвинила «дочку» ЛУКОЙЛа в разных ценах на один и тот же дизель,2024-05-21 07:29:48,-99.754399061203,-50,-20
"Узбекнефтегаз собирается войти в проект ""Шах-Дениз"" — министр инвестиций Узбекистана",2024-05-21 12:58:15,0,50,50
ФАКТОРЫ - 23 мая,2024-05-23 05:30:00,0,50,0
Нижегородский НПЗ планирует запустить установки АВТ-6 и каткрекинг в июне--источники,2024-05-31 09:37:27,99.56249594688416,75,50
"Пожар на Ухтинском НПЗ ликвидирован, два человека погибли",2024-06-02 10:54:49,-93.11806559562683,Error_Evaluation_Gigachat,-20
"ТШО завершил ремонт на Тенгизе в мае, планирует следующий в авг 24г",2024-06-03 13:03:37,0,0,50
Казахстан начнет строительство морских платформ на месторождениях Каламкас-море и Хазар в 26г,2024-06-04 11:55:49,0,35,50
"Новак: Компрессор на Нижегородском НПЗ отремонтирован, установка запущена",2024-06-07 08:30:00,99.02307391166687,50,30
МНЕНИЕ: Рынок акций РФ все еще пребывает в состоянии повышенной волатильности,2024-06-18 07:05:55,96.17763161659241,30,-30
Forbes назвал богатейшего по дивидендным доходам в России,2024-06-27 08:33:24,99.80390667915344,75,30
Norilsk Nickel заработала больше всех компаний из России в Финляндии,2024-07-08 11:17:56,99.36742782592773,25,50
"Bloomberg назвал миллиардеров, получивших более ₽1 трлн дивидендов",2024-07-09 06:46:30,98.35078716278076,25,50
Лукойл надеется на господдержку для инвестиций в глубокую переработку на Волгоградском НПЗ--Коммерсант,2024-07-11 08:29:50,98.42224717140198,50,50
Словакия вслед за Венгрией перестала получать нефть ЛУКОЙЛа,2024-07-18 14:11:04,0,-50,-20
"Остановка транзита нефти Лукойла через Украину угрожает долгосрочным поставкам, сообщила Венгрия",2024-07-19 14:19:45,-99.51297044754028,-80,-40
Главные события межсезонья перед стартом российской Премьер-лиги,2024-07-19 21:01:37,0,25,5
Politico сообщило об угрозе топливного кризиса в Венгрии,2024-07-21 03:49:57,-99.83329176902771,-75,-30
Венгрия и Словакия пригрозили судом из-за остановки Киевом транзита нефти,2024-07-22 13:25:12,-99.76654052734375,Error_Evaluation_Gigachat,-30
Лукойл отгрузит из Новороссийска 140.000т нефти в июле сверх графика--источники,2024-07-22 14:21:59,0,80,15
Глава «Нафтогаза» заявил о сохранении объемов транзита нефти без ЛУКОЙЛа,2024-07-22 18:48:54,74.12862777709961,-30,5
Лукойл пока не возобновил поставки нефти через Украину в Словакию и Венгрию — источник,2024-07-23 07:15:00,-98.6817717552185,-50,-30
В ЕС не поддержали Венгрию и Словакию в призыве к Киеву по транзиту нефти,2024-07-25 09:57:13,0,Error_Evaluation_Gigachat,-20
Венгрия заявила о риске дефицита нефти к сентябрю из-за Украины,2024-07-26 08:14:07,-99.76856708526611,Error_Evaluation_Gigachat,-40
Cловакия предложила Киеву «техническое решение» по нефти ЛУКОЙЛа,2024-07-26 22:57:02,78.56380343437195,Error_Evaluation_Gigachat,5
Минфин РФ против господдержки при модернизации НПЗ — газета,2024-07-29 07:07:11,0,-30,-30
Шмыгаль заявил о нежелании Киева обсуждать снятие санкций с ЛУКОЙЛа,2024-07-31 17:11:28,-99.60458874702454,Error_Evaluation_Gigachat,-20
Угрозы поставкам нефти в Венгрию и Словакию нет — Еврокомиссия,2024-08-01 12:32:03,0,50,5
ЕК не нашла рисков для Венгрии и Словакии из-за остановки транзита нефти,2024-08-01 12:41:41,0,Error_Evaluation_Gigachat,30
"РФ увеличит экспорт нефти из западных портов на 9% в авг/июл до 1,95 млн барр/сут--источники",2024-08-02 11:21:34,99.18438792228699,30,40
Венгрия сравнила критику ЕС со спором в песочнице о ведерке и лопатке,2024-08-03 19:30:20,-92.75939464569092,25,0
КТК отгрузил с месторождения Тенгиз в янв-июл 16 млн т нефти,2024-08-05 09:41:55,0,50,5
На газоперерабатывающем заводе в Коми произошел пожар,2024-08-06 11:31:29,-99.70130920410156,-50,-30
КТК 8 авг запустил нефтепровод после техобслуживания,2024-08-09 12:26:39,99.6647298336029,50,5
КТК и Казтрансойл на 5 лет продлили контракт на техобслуживание трубопровода в Казахстане,2024-08-13 08:20:47,94.01857256889343,30,50
«Спартак» и «Зенит» возобновили переговоры по переходу Соболева,2024-08-20 08:36:22,0,0,5
Венгрия предложила новую схему транзита нефти через Украину,2024-08-22 09:47:53,0,25,30
РФ увеличит экспорт нефти через западные порты в сен/авг--источники,2024-08-22 10:58:58,98.45655560493469,50,20
В Венгрии назвали причину прекращения Киевом транзита нефти ЛУКОЙЛа,2024-08-24 16:51:25,0,Error_Evaluation_Gigachat,-20
Словакия и Венгрия нашли замену выбывшим поставкам ЛУКОЙЛа,2024-08-28 17:59:22,0,-30,50
ФАКТОРЫ - 29 августа,2024-08-29 05:30:00,0,50,0
"Татнефть заменила поставки Лукойла в Венгрию и Словакию по ""Дружбе""--газета",2024-08-29 08:00:21,0,-50,50
"Лукойл нарастил чистую прибыль акционеров по МСФО в I пол на 4,6%",2024-08-29 13:45:44,99.59996938705444,50,60
"Сийярто заявил, что Венгрия не выживет без нефти из России",2024-09-02 11:15:03,-99.74798560142517,Error_Evaluation_Gigachat,-20
"Лукойл возобновит поставки нефти по Дружбе в октябре, сообщили источники",2024-09-10 18:01:52,98.7396776676178,50,50
Новые договора на поставки по нефтепроводу Дружба в Венгрию соответствуют правилам ЕС — глава MOL,2024-09-11 09:17:58,0,80,50
"Генерирующие компании «Интер РАО», «Газпром энергохолдинг», ЛУКОЙЛ и «Технопромэкспорт» предложили правительству проекты мощностью свыше 2 ГВт для покрытия энергодефицита на юге РФ - Ъ",2024-09-16 08:36:00,0,50,50
МНЕНИЕ-Индексу Мосбиржи будет трудно слету преодолеть 2.800,2024-09-23 06:55:47,-79.22572493553162,-30,-20
Forbes назвал самые прибыльные компании России,2024-09-26 11:54:57,98.95820617675781,50,50
"Лукойл в 1 пол 24г снизил добычу нефти до 1,728 млн б/с",2024-09-27 11:49:00,-98.79844188690186,-50,-30
"ЛУКОЙЛ В I ПОЛ. СНИЗИЛ ДОБЫЧУ УВ НА 1%, ДО 2,289 МЛН Б.Н.Э./С, ДОБЫЧА НЕФТИ СНИЗИЛАСЬ НА 1%, ДО 1,728 МЛН Б/С, ГАЗА - НА 0,6%, ДО 17,4 МЛРД КУБ.",2024-09-27 14:50:00,0,-50,-15
"""ЛУКОЙЛ"" в I полугодии снизил добычу углеводородов на 1% до 2,3 млн б.н.э./с",2024-09-27 15:12:00,-52.893686294555664,-45,-10
МНЕНИЕ-Рынок акций РФ попробует подрасти,2024-09-30 08:01:24,98.65721464157104,50,50
В Пакистане заявили о готовности торговать по бартеру с ЛУКОЙЛом,2024-10-02 09:12:08,0,50,5
"БКС ухудшила прогнозы дивидендных выплат нефтекомпаний РФ в 24-25гг, переоценив котировки на нефть",2024-10-04 12:04:43,-99.35798645019531,-70,-30
"Турция и Бразилия остались основными импортерами дизтоплива из РФ в сен--трейдеры, LSEG",2024-10-08 09:35:40,97.1946656703949,50,30
Минфин РФ: У Лукойла пока нет планов выкупать свои акции у нерезидентов,2024-10-18 08:12:25,93.8856840133667,50,0
"МОИСЕЕВ: ПОКА ПЛАНОВ У ЛУКОЙЛА ВЫКУПАТЬ СВОИ АКЦИИ У НЕРЕЗИДЕНТОВ НЕТ (УДАЛЕНА ЛИШНЯЯ ЧАСТИЦА ""НЕ"") - RTRS",2024-10-18 11:21:00,0,80,0
"КОНСЕНСУС Интерфакса: Рынок оценил дивиденды ЛУКОЙЛа за 9 месяцев в 532 руб./ао, верит в возврат выплат от 100%-го FCF",2024-10-22 06:30:00,99.1181492805481,80,70
СМИ: Россия остается крупнейшим поставщиком нефти в Индию с долей 39%,2024-10-23 05:02:42,99.3362545967102,80,50
ФАКТОРЫ - 25 октября,2024-10-25 05:30:00,0,50,0
Лукойл решение СД по дивидендам,2024-10-25 15:01:00,0,80,50
"ЭЛ5-Энерго увеличила производство э/энергии на 3,1% за 9 мес 24г",2024-10-25 15:35:42,98.29777479171753,80,50
Венгерская MOL прокачала 300.000 т российской нефти по Дружбе в сен--газета,2024-10-30 06:51:14,99.12511110305786,25,5
Прибыль ЭЛ5-Энерго за 9 мес выросла на 7% г/г,2024-10-31 14:27:11,99.7147262096405,40,50
Крупные нефтегазовые компании РФ устойчивы к жесткой денежной политике — Банк России,2024-10-31 15:04:09,99.19353723526001,50,50
"Лукойл сообщил, что не ведет переговоров о продаже НПЗ в Болгарии",2024-11-07 08:02:26,-93.91971826553345,50,0
Лукойл опроверг сообщение FT о продаже НПЗ в Болгарии катарско-британскому консорциуму,2024-11-07 08:51:09,-95.80592513084412,50,5
Казахстанский Тенгизшевройл сократил добычу нефти на 21% с 26 окт--источники,2024-11-13 08:28:48,-65.21125435829163,-50,-30
Нижегородский НПЗ остановил каткрекинг из-за поломки--источники,2024-11-20 13:26:02,0,-80,-30
Венгерская MOL пока не может найти замену российской нефти на своих НПЗ,2024-11-20 13:59:48,-99.14154410362244,50,-30
"НОРСИ восстанавливает работу каткрекинга, увеличил выпуск бензина-источники",2024-11-22 14:00:12,98.60363006591797,80,50
МНЕНИЕ-Отчетность компаний может добавить рынку акций РФ негатива,2024-11-25 07:14:25,0,-50,-60
Россия подстраивает торговлю нефтью Urals под нужды покупателей в Азии,2024-11-26 14:53:55,0,75,50
Власти РФ обнулили НДПИ на газ и конденсат с Ямала с 2028г,2024-11-27 08:41:52,0,75,50
Лукойл нарастил долю зеленой электроэнергии для НОРСИ до 20%,2024-11-27 10:54:17,99.33215975761414,50,50
"Yle: ""дочка"" ""Лукойла"" откроет четыре АЗС в Финляндии",2024-11-29 09:01:05,97.0794141292572,50,50
Россия сняла запрет на экспорт бензина для производителей,2024-11-30 09:13:40,-98.48256707191467,80,50
Дюков о слиянии крупнейших нефтекомпаний: «Не читайте WSJ до обеда»,2024-11-30 11:40:59,0,25,5
Дисконты Urals в ноябре не изменились к октябрю - Argus,2024-12-02 15:53:00,0,50,5
"Акционеры ""Лукойла"" утвердили дивиденды за девять месяцев",2024-12-05 13:32:56,98.83588552474976,50,70
МНЕНИЕ-Рынок акций РФ вновь во власти медведей,2024-12-13 07:06:05,99.54944849014282,-80,-70
"Добыча нефти на Тенгизе отстала от плана 1-12 дек на 20%--САЦ ТЭК, расчет Рейтер",2024-12-13 12:44:26,-99.77964162826538,-50,-30
МНЕНИЕ-Аналитики видят риск падения индекса Мосбиржи,2024-12-16 06:59:25,-99.43642616271973,-50,-30
МНЕНИЕ-Распродажи акций РФ еще не закончились,2024-12-17 07:01:54,0,-80,-40
ЛУКОЙЛ дивидендный гэп,2024-12-17 10:16:00,0,-80,50
«Газпром» и ЛУКОЙЛ подписали Генеральное соглашение о стратегическом партнерстве на 2025–2030 годы.,2024-12-20 12:52:00,98.55226278305054,80,70
"""Газпром"" и ""ЛУКОЙЛ"" подписали соглашение о стратегическом партнерстве на пять лет",2024-12-20 13:06:00,99.19651746749878,50,75
Венгерская MOL подала заявку на покупку НПЗ в Бургасе у Лукойла,2024-12-23 15:02:55,0,-50,50
В России повышены акцизы на нефтепродукты,2025-01-01 10:04:00,0,-50,-30
Нефтекомпании РФ существенно сократили запуск новых скважин в янв-ноя 24/23гг — газета,2025-01-09 10:43:04,0,-50,-30
ФАКТОРЫ - 10 января,2025-01-10 05:30:00,0,25,0
"$4,3 млрд намерен получить «ЛУКОЙЛ» от продажи активов в Болгарии — Bloomberg",2025-01-10 13:45:00,0,50,50
ФАКТОРЫ - 14 января,2025-01-14 05:30:00,0,75,0
Юрист рассказал о рисках «Спартака» из-за санкций против сына Алекперова,2025-01-14 07:14:14,0,Error_Evaluation_Gigachat,-20
Лукойл сменил главу компании после санкций США,2025-01-14 11:59:31,0,Error_Evaluation_Gigachat,-30
ЛУКОЙЛ решил сменить гендиректора на фоне санкций,2025-01-14 12:02:10,0,-50,-30
Российские арктические сорта нефти могут столкнуться с проблемами из-за санкций США,2025-01-15 08:52:21,-99.7762680053711,Error_Evaluation_Gigachat,-40
В Волгограде произошел пожар на нефтеперерабатывающем заводе,2025-01-15 09:35:25,-99.67522621154785,-80,-40
Пожар произошел на установке гидроочистки дизтоплива Волгоградского НПЗ 15 янв--источники,2025-01-15 16:35:12,0,-80,-30
КТК заменит часть трубопровода в Казахстане в 25г--глава консорциума,2025-01-16 11:03:42,0,30,5
Структура ЛУКОЙЛа купила крупный офис рядом с Белорусским вокзалом,2025-01-16 12:17:01,98.06703329086304,35,5
"Дисконты на Urals начали расти на $0,8-2,3 за баррель - Argus",2025-01-17 15:53:00,99.67756867408752,-50,-30
Экспорт нефти из РФ сократился в 24г на 2% до 295 млн т — газета,2025-01-27 07:08:15,-99.69006776809692,-20,-20
Банковская группа Lloyds закроет 136 отделений в Великобритании до марта 2026 г.,2025-01-29 20:37:00,-99.67296123504639,-50,-30
Премьер Болгарии сообщил о семи претендентах на покупку НПЗ ЛУКОЙЛа,2025-01-30 20:04:43,52.14413404464722,-30,50
Пожар произошел на НПЗ в Волгоградской обл. 31 янв после атаки БПЛА--губернатор,2025-01-31 06:51:00,-98.60052466392517,Error_Evaluation_Gigachat,-40
Лукойл хочет за свой НПЗ в Бургасе около $2 млрд — РИА цитирует премьера Болгарии,2025-01-31 06:54:44,73.59181642532349,50,50
Возгорания произошли на объектах ТЭК в Волгоградской и Астраханской обл. 3 фев после атак БПЛА--власти,2025-02-03 08:01:07,-99.23003911972046,Error_Evaluation_Gigachat,-30
Волгоградский НПЗ приостановил работу 3 фев из-за атаки БПЛА--источники,2025-02-05 10:35:32,-99.72575306892395,Error_Evaluation_Gigachat,-40
"Потребительские цены на бензин за неделю выросли на 0,1%",2025-02-05 16:09:16,89.02161121368408,25,2
"""Газпром"" и ""ЛУКОЙЛ"" ликвидируют сбытовое СП ""Газ-Ойл Трейдинг""",2025-02-05 18:10:00,0,-50,0
Тенгизшевройл в 24г снизил продажи сжиженного газа на 8%,2025-02-10 07:56:53,-99.15355443954468,-30,-20
Каир предоставит ЛУКОЙЛу права на разработку концессии в Суэцком заливе,2025-02-10 11:42:14,98.61007332801819,85,50
Горки в ЛУКОЙЛе,2025-02-13 10:39:00,0,75,5
"Последствия удара БПЛА на НПС КТК будут устраняться до 2 мес, снижение объемов прокачки нефти из Казахстана может составить до 30%",2025-02-18 09:58:14,-99.75759387016296,-80,-40
Казахстан обсудит с Украиной вопрос атаки дронов на КТК,2025-02-19 08:04:22,0,Error_Evaluation_Gigachat,-20
Нефть с месторождения Тенгиз бесперебойно идет по системе КТК--ИФ,2025-02-21 08:21:03,-79.88831400871277,50,50
"О чем ведут разговоры Россия и США: Украина, энергетика, НАТО, санкции",2025-02-21 10:37:49,0,Error_Evaluation_Gigachat,-30
Отгрузка нефти на морском терминале КТК продолжается штатном режиме--консорциум,2025-02-21 13:12:24,0,80,5
"КТК увеличил февральский план отгрузок нефти на 18% до 1,67 млн барр/сут--источники",2025-02-21 16:09:07,98.76512289047241,50,50
Казахстан пока не приступил к сокращению добычи и экспорта нефти по КТК--источники,2025-03-11 17:39:47,0,-50,-20
"Прокачка нефти по КТК идет в марте в штатном режиме, снижения нет--глава Транснефти",2025-03-18 13:30:03,0,80,5
Пожар возник на нефтебазе в Краснодарском крае после атаки БПЛА 19 марта--оперштаб,2025-03-19 06:20:44,-99.11255240440369,Error_Evaluation_Gigachat,-30
Пожар на нефтебазе в Краснодарском крае не затронул объекты КТК--консорциум,2025-03-19 07:44:59,0,25,5
Алекперов опроверг сообщения о покупке «М.Видео»,2025-03-19 08:00:32,-83.99800658226013,25,0
"Лукойл снизил чистую прибыль акционеров на 26,5% до 848,5 млрд р",2025-03-24 16:15:08,-99.28736686706543,-70,-40
Хакеры совершили атаку на ЛУКОЙЛ,2025-03-26 10:33:22,-99.59686994552612,-80,-40
"Добыча газа в РФ в феврале снизилась на 11,3% год к году — Коммерсант",2025-03-28 06:40:01,-99.57053065299988,-50,-30
Добыча и поставки нефти по КТК c Тенгизшевройла не нарушены--Chevron,2025-04-01 10:08:41,0,80,5
Казахстан увеличил добычу нефти до нового рекорда в марте--источники,2025-04-01 12:17:59,99.46738481521606,-30,20
В мировой рейтинг Forbes попала пятая россиянка. Фотогалерея,2025-04-01 17:07:42,-99.73100423812866,25,5
"Путин разрешил покупателю ""дочки"" Goldman Sachs сделки с акциями российских ""голубых фишек""",2025-04-02 11:39:40,66.18951559066772,50,50
Путин разрешил «Балчуг Капиталу» купить акции «Газпрома» у Goldman Sachs,2025-04-02 12:43:12,96.80188298225403,80,40
Суд решил не приостанавливать работу выносных причальных устройств КТК--консорциум,2025-04-04 11:06:13,0,50,50
КТК возобновил отгрузку нефти с одного из ранее остановленных причальных устройств,2025-04-09 08:06:32,0,25,20
"КТК: НПС ""Кропоткинская"" заработает до конца мая 2025г",2025-04-10 12:02:19,0,30,30
РФ нарастила поставки арктических сортов нефти в Китай на фоне санкций США,2025-04-17 08:49:22,66.78166389465332,Error_Evaluation_Gigachat,50
Алекперов второй год подряд возглавил список богатейших бизнесменов России по версии Forbes,2025-04-17 15:37:17,98.6359179019928,50,30
"ЭЛ5-Энерго сократила производство э/энергии в 1 кв на 2,9% г/г",2025-04-23 15:08:50,0,-20,-20
"ЭЛ5-Энерго в 1 кв 25/24гг увеличила чистую прибыль на 1,7%",2025-04-29 14:39:21,98.86177182197571,30,30
Bloomberg узнал о разработке ЕС санкций против «Сургутнефтегаза» и ВСК,2025-05-07 12:29:51,-97.46623635292053,-50,-40
